"id","owner_id","age"
1,1666,29
2,1257,25
3,1846,230
4,1842,86
5,601,36
6,1439,83
7,1202,23
8,378,153
9,229,49
10,111,33
11,695,51
12,416,97
13,1216,24
14,428,13
15,1010,19
16,1438,2
17,1077,39
18,1514,12
19,472,12
20,1631,49
21,1339,48
22,238,6
23,1734,52
24,1026,72
25,1742,5
26,1284,44
27,1190,42
28,1863,10
29,659,63
30,1375,15
31,731,4
32,1580,5
33,1818,88
34,116,80
35,1391,93
36,428,34
37,154,74
38,1616,59
39,1864,7
40,1780,148
41,1655,23
42,1370,11
43,620,50
44,179,29
45,1525,109
46,1255,87
47,1510,55
48,1422,49
49,1244,13
50,8,33
51,654,91
52,952,3
53,380,180
54,70,70
55,1026,198
56,1635,59
57,1692,220
58,620,8
59,247,170
60,1339,41
61,1596,12
62,1780,29
63,1644,39
64,673,55
65,1668,118
66,475,49
67,71,92
68,1757,12
69,1574,9
70,1048,5
71,1369,33
72,1940,45
73,1632,2
74,1940,80
75,81,74
76,940,20
77,34,2
78,789,92
79,1026,9
80,338,3
81,1987,5
82,542,6
83,1571,76
84,1834,23
85,21,11
86,1310,106
87,1190,119
88,163,5
89,1841,26
90,954,5
91,67,123
92,421,27
93,112,140
94,1233,14
95,1454,4
96,95,25
97,406,12
98,1459,41
99,1546,11
100,221,1
101,382,180
102,1357,14
103,1506,15
104,1319,4
105,56,31
106,1432,120
107,991,82
108,111,5
109,402,3
110,1792,4
111,1984,73
112,1859,35
113,695,128
114,1071,20
115,1324,32
116,762,135
117,484,7
118,811,32
119,1161,61
120,940,34
121,1869,180
122,504,19
123,1267,174
124,358,3
125,1793,22
126,1094,22
127,1204,12
128,1095,40
129,143,7
130,1030,47
131,936,87
132,1853,166
133,468,157
134,1370,116
135,696,119
136,1363,193
137,1842,114
138,411,13
139,1743,31
140,493,70
141,1289,1
142,1249,32
143,482,75
144,1443,2
145,329,36
146,832,10
147,1517,5
148,1370,109
149,1893,27
150,31,22
151,156,123
152,1249,11
153,4,26
154,61,76
155,1170,24
156,406,103
157,1357,7
158,1744,5
159,1805,55
160,663,37
161,1845,35
162,1818,60
163,905,25
164,129,61
165,148,13
166,1534,23
167,655,6
168,1729,19
169,766,69
170,1026,226
171,483,4
172,206,25
173,336,143
174,1516,13
175,408,8
176,1786,24
177,1213,65
178,961,35
179,259,42
180,456,18
181,1047,82
182,1422,133
183,834,38
184,1153,62
185,24,97
186,440,1
187,1715,13
188,262,2
189,872,170
190,1190,98
191,1363,60
192,1267,125
193,1227,3
194,1273,84
195,1574,65
196,1529,93
197,1089,32
198,475,175
199,112,63
200,111,68
201,263,38
202,421,76
203,1652,34
204,1277,57
205,1095,47
206,84,70
207,1026,170
208,1042,9
209,637,83
210,981,8
211,217,19
212,1872,84
213,11,3
214,690,127
215,83,126
216,781,109
217,346,165
218,827,1
219,1974,175
220,1711,188
221,1362,142
222,1789,12
223,710,6
224,465,18
225,676,31
226,1879,42
227,1235,117
228,398,71
229,896,59
230,441,164
231,1137,89
232,1899,6
233,425,52
234,811,102
235,952,115
236,1427,120
237,915,36
238,1026,177
239,1026,184
240,376,22
241,1437,4
242,1793,15
243,860,32
244,129,222
245,1427,22
246,1190,28
247,107,13
248,612,51
249,1555,175
250,1640,92
251,649,13
252,961,42
253,475,7
254,467,118
255,380,61
256,99,7
257,129,47
258,1062,25
259,1622,26
260,991,180
261,1137,5
262,860,144
263,1517,19
264,1775,49
265,1156,94
266,1612,3
267,912,12
268,1435,63
269,1133,55
270,354,1
271,7,60
272,1846,27
273,1631,91
274,1101,11
275,1455,10
276,1249,39
277,1400,92
278,1363,32
279,1202,16
280,93,18
281,1196,20
282,1766,72
283,655,20
284,615,3
285,834,3
286,1370,193
287,112,7
288,338,24
289,1845,91
290,862,7
291,1729,40
292,1238,63
293,1525,116
294,982,88
295,153,60
296,872,86
297,563,36
298,1369,173
299,1254,6
300,1677,171
301,1846,160
302,1196,34
303,314,62
304,810,9
305,180,60
306,325,2
307,767,5
308,1766,135
309,225,9
310,690,1
311,1355,26
312,156,165
313,1931,62
314,933,24
315,1929,45
316,1780,57
317,779,7
318,1050,137
319,1706,2
320,1218,130
321,181,3
322,872,23
323,1769,58
324,1316,64
325,1711,76
326,731,25
327,123,10
328,1424,62
329,1640,43
330,760,8
331,525,2
332,1477,3
333,768,6
334,592,19
335,1931,27
336,837,97
337,378,20
338,627,6
339,752,51
340,71,141
341,1860,29
342,72,1
343,495,147
344,604,36
345,1862,33
346,569,4
347,1846,125
348,1769,30
349,450,29
350,1368,131
351,650,19
352,674,18
353,1026,93
354,1760,166
355,1918,18
356,1704,168
357,154,130
358,1339,55
359,886,68
360,1378,2
361,494,44
362,948,162
363,974,72
364,147,47
365,584,13
366,1347,107
367,494,72
368,1120,81
369,1409,10
370,1984,45
371,859,124
372,668,195
373,1818,25
374,538,2
375,1089,123
376,1749,32
377,742,39
378,1531,15
379,637,146
380,1527,141
381,1711,104
382,469,14
383,161,18
384,1190,14
385,156,32
386,1462,36
387,18,24
388,1863,3
389,957,2
390,259,7
391,1235,5
392,1632,142
393,273,6
394,1202,51
395,1326,5
396,482,96
397,1610,69
398,1793,78
399,350,59
400,1866,14
401,1899,48
402,398,176
403,82,37
404,217,33
405,1711,195
406,115,5
407,83,42
408,912,40
409,1254,13
410,1332,59
411,237,11
412,1824,12
413,1156,115
414,302,169
415,1613,3
416,1830,169
417,147,19
418,980,183
419,302,43
420,1805,83
421,804,46
422,106,34
423,403,211
424,161,25
425,387,16
426,116,115
427,1139,4
428,301,2
429,1432,141
430,1368,145
431,521,54
432,687,77
433,403,1
434,1527,1
435,640,4
436,894,170
437,1332,108
438,1491,11
439,378,223
440,1976,13
441,140,8
442,213,168
443,314,97
444,184,68
445,1059,3
446,330,21
447,1704,91
448,1500,3
449,618,95
450,673,181
451,1619,26
452,475,147
453,1434,142
454,1422,7
455,1439,48
456,476,8
457,1755,29
458,302,71
459,1061,53
460,421,34
461,1333,19
462,1108,114
463,1176,33
464,116,157
465,263,52
466,74,41
467,625,32
468,475,35
469,1810,26
470,1644,74
471,533,6
472,1014,98
473,1824,61
474,557,68
475,276,88
476,1033,61
477,1091,27
478,1529,23
479,1267,104
480,1899,20
481,467,27
482,1674,5
483,1867,212
484,646,23
485,1370,228
486,406,82
487,1788,20
488,217,12
489,1050,25
490,1755,127
491,140,36
492,420,211
493,912,89
494,1049,3
495,1705,63
496,129,138
497,1705,70
498,1824,75
499,1261,83
500,1939,4
501,548,30
502,833,146
503,1755,50
504,1698,166
505,430,24
506,81,32
507,1085,99
508,505,87
509,1709,21
510,1728,58
511,980,15
512,818,4
513,620,22
514,441,38
515,1780,120
516,507,2
517,62,12
518,1357,42
519,1076,13
520,1933,3
521,1727,53
522,416,20
523,82,44
524,1370,207
525,1359,21
526,1453,34
527,322,29
528,907,6
529,1512,1
530,62,33
531,1531,8
532,508,36
533,539,4
534,1160,32
535,1334,64
536,1094,29
537,511,4
538,1841,89
539,1791,9
540,112,14
541,1043,6
542,1929,31
543,1283,31
544,1598,51
545,1879,84
546,1416,217
547,512,52
548,56,17
549,1147,2
550,1428,71
551,425,17
552,625,18
553,247,79
554,878,96
555,834,10
556,425,3
557,979,6
558,1598,72
559,1648,88
560,1284,65
561,512,10
562,302,50
563,224,2
564,1218,4
565,1524,88
566,330,35
567,1906,4
568,1045,17
569,1432,15
570,1603,49
571,731,81
572,1592,176
573,1807,7
574,1729,12
575,420,1
576,1812,61
577,752,93
578,1220,98
579,1062,144
580,372,79
581,1267,160
582,432,2
583,168,7
584,1729,33
585,1007,16
586,1504,169
587,55,3
588,441,10
589,1005,66
590,1333,173
591,851,30
592,886,5
593,621,123
594,18,10
595,382,5
596,1880,3
597,980,64
598,753,45
599,1821,6
600,1940,164
601,1711,83
602,1916,130
603,1555,56
604,73,58
605,531,2
606,156,11
607,1444,5
608,156,95
609,1637,1
610,237,18
611,608,19
612,655,132
613,1666,1
614,554,26
615,1603,84
616,1219,17
617,1196,230
618,1549,14
619,1111,89
620,1009,6
621,430,3
622,1038,9
623,116,66
624,372,9
625,857,3
626,1094,99
627,217,75
628,830,7
629,789,22
630,156,116
631,1089,130
632,1721,6
633,319,43
634,1144,74
635,829,1
636,380,201
637,1261,69
638,1265,16
639,129,131
640,983,1
641,753,73
642,244,155
643,1998,2
644,465,11
645,1831,4
646,486,96
647,752,58
648,1062,11
649,101,5
650,1388,8
651,504,103
652,862,91
653,1736,23
654,1018,50
655,1077,4
656,537,32
657,1428,169
658,475,63
659,507,30
660,298,67
661,951,31
662,1908,18
663,1745,2
664,1143,29
665,1273,7
666,548,72
667,549,29
668,810,16
669,909,64
670,1082,12
671,1782,8
672,1815,66
673,148,20
674,199,28
675,1597,25
676,1682,2
677,544,101
678,538,114
679,713,196
680,1635,115
681,1350,6
682,1698,33
683,604,99
684,1677,59
685,1734,10
686,1878,62
687,1213,23
688,909,162
689,1220,14
690,489,81
691,106,6
692,1196,223
693,1489,14
694,621,18
695,68,6
696,1070,9
697,1310,57
698,313,7
699,129,54
700,1428,85
701,1333,12
702,9,3
703,1806,69
704,1095,54
705,60,81
706,1014,140
707,1310,15
708,156,130
709,1567,25
710,1642,14
711,1525,60
712,999,39
713,870,4
714,692,4
715,202,5
716,435,40
717,1725,28
718,710,76
719,621,221
720,1574,107
721,1349,35
722,244,22
723,637,104
724,302,113
725,956,31
726,1144,53
727,1026,219
728,743,12
729,1790,10
730,256,2
731,1711,181
732,956,115
733,975,172
734,1650,4
735,1220,196
736,939,31
737,395,35
738,244,120
739,1769,93
740,1876,20
741,1111,173
742,527,15
743,109,143
744,904,2
745,139,1
746,1844,18
747,1705,168
748,180,25
749,661,20
750,977,13
751,564,3
752,604,113
753,441,24
754,1703,29
755,812,14
756,1026,135
757,690,71
758,1763,199
759,729,11
760,1974,35
761,279,143
762,310,7
763,520,95
764,771,32
765,1828,11
766,1273,168
767,544,73
768,1094,15
769,1273,105
770,467,174
771,1866,7
772,207,1
773,975,4
774,1219,73
775,1899,139
776,975,60
777,1861,11
778,1153,202
779,445,1
780,544,227
781,156,18
782,1918,11
783,1843,114
784,960,23
785,1853,33
786,753,94
787,424,40
788,35,20
789,81,39
790,106,139
791,91,200
792,1005,143
793,1179,183
794,1805,20
795,1009,20
796,1705,140
797,1219,87
798,61,160
799,878,12
800,896,17
801,395,14
802,865,1
803,687,28
804,6,59
805,7,4
806,61,27
807,1954,50
808,265,3
809,910,4
810,554,5
811,1261,146
812,247,156
813,700,2
814,1770,4
815,1347,2
816,1422,63
817,1170,45
818,1030,5
819,403,148
820,1346,114
821,1834,30
822,156,172
823,351,49
824,475,21
825,1872,7
826,1571,34
827,1310,92
828,1121,152
829,1692,73
830,718,91
831,1853,159
832,1057,96
833,346,4
834,1310,99
835,1711,62
836,987,61
837,960,30
838,851,72
839,74,6
840,164,1
841,912,103
842,642,31
843,129,145
844,110,12
845,1036,1
846,621,46
847,1998,30
848,1574,23
849,637,181
850,532,4
851,1784,193
852,482,33
853,1659,88
854,1196,202
855,682,67
856,1859,175
857,608,26
858,587,3
859,655,34
860,1708,5
861,601,8
862,81,11
863,1183,4
864,1538,1
865,1700,31
866,982,32
867,1216,3
868,482,47
869,1793,36
870,1991,3
871,1421,30
872,487,1
873,753,31
874,715,1
875,1690,19
876,1580,236
877,1083,2
878,125,3
879,1779,5
880,872,65
881,830,14
882,897,56
883,1161,19
884,1196,48
885,1670,38
886,1112,11
887,1894,12
888,286,76
889,1213,9
890,1444,19
891,9,87
892,243,64
893,1108,121
894,1397,7
895,137,11
896,958,52
897,1221,14
898,461,200
899,811,130
900,1310,22
901,1137,33
902,1733,54
903,106,41
904,81,130
905,1369,138
906,1664,65
907,1369,82
908,60,67
909,637,13
910,878,61
911,222,11
912,1728,30
913,247,30
914,1206,63
915,882,16
916,778,7
917,1788,27
918,1612,45
919,1255,80
920,1808,115
921,1160,4
922,789,29
923,81,18
924,495,7
925,1883,152
926,1025,133
927,1018,57
928,214,42
929,299,20
930,1484,1
931,804,4
932,1267,34
933,456,53
934,1782,43
935,374,79
936,262,16
937,1349,21
938,156,193
939,1434,86
940,1361,91
941,1029,59
942,1359,14
943,656,34
944,199,119
945,161,4
946,1998,72
947,1812,131
948,1362,114
949,1018,22
950,1369,19
951,329,106
952,781,4
953,1632,51
954,958,31
955,1273,35
956,673,83
957,732,13
958,1918,4
959,1034,16
960,876,2
961,717,13
962,1179,169
963,707,3
964,1877,1
965,858,176
966,34,16
967,1976,41
968,1420,14
969,188,1
970,1310,141
971,68,76
972,430,24
973,1220,168
974,806,4
975,129,26
976,1413,4
977,1029,45
978,912,96
979,613,5
980,1790,3
981,614,4
982,1078,120
983,1931,125
984,943,95
985,1812,138
986,1196,132
987,1422,98
988,690,85
989,1434,2
990,1899,62
991,1442,1
992,71,85
993,826,11
994,1867,121
995,858,183
996,1370,214
997,1839,169
998,1422,126
999,301,58
1000,1928,41
1001,104,1
1002,1379,20
1003,1132,90
1004,229,56
1005,1187,18
1006,1569,6
1007,1997,104
1008,1250,145
1009,1883,124
1010,646,156
1011,631,67
1012,1926,4
1013,952,108
1014,510,30
1015,1510,139
1016,654,35
1017,1277,113
1018,1519,24
1019,1397,140
1020,1357,84
1021,1025,7
1022,512,73
1023,1478,173
1024,71,127
1025,837,6
1026,413,46
1027,338,136
1028,1863,17
1029,1812,124
1030,337,6
1031,936,94
1032,1916,116
1033,71,29
1034,603,12
1035,413,109
1036,1633,4
1037,1400,1
1038,1806,48
1039,738,144
1040,360,12
1041,1788,6
1042,1572,8
1043,549,57
1044,424,103
1045,137,18
1046,81,172
1047,1943,10
1048,406,61
1049,1344,9
1050,1899,41
1051,548,9
1052,1504,85
1053,1216,10
1054,1749,18
1055,679,7
1056,1131,122
1057,544,171
1058,168,63
1059,1870,17
1060,690,141
1061,1562,59
1062,160,49
1063,661,6
1064,269,11
1065,1841,54
1066,1843,65
1067,671,88
1068,1374,14
1069,1638,7
1070,501,57
1071,1179,134
1072,544,108
1073,1510,111
1074,1918,32
1075,1279,95
1076,1167,7
1077,905,39
1078,1537,2
1079,1158,118
1080,779,56
1081,1578,5
1082,771,4
1083,1267,132
1084,200,14
1085,1532,76
1086,616,12
1087,1857,29
1088,1805,13
1089,1310,29
1090,476,134
1091,738,11
1092,1156,38
1093,1709,7
1094,1611,173
1095,1394,7
1096,1062,18
1097,62,68
1098,663,9
1099,1009,27
1100,1878,34
1101,1734,3
1102,605,30
1103,70,63
1104,1706,65
1105,413,32
1106,1968,2
1107,1640,78
1108,806,25
1109,1609,7
1110,380,215
1111,1743,59
1112,249,99
1113,1041,1
1114,256,37
1115,420,92
1116,620,57
1117,1611,61
1118,668,34
1119,1432,127
1120,857,87
1121,1216,52
1122,1622,40
1123,1120,207
1124,753,101
1125,1841,117
1126,505,38
1127,302,22
1128,820,49
1129,527,148
1130,107,76
1131,1818,46
1132,1736,2
1133,1031,129
1134,62,61
1135,1853,117
1136,1703,127
1137,112,133
1138,1108,107
1139,1846,167
1140,1814,11
1141,13,97
1142,358,31
1143,1056,1
1144,508,8
1145,961,21
1146,156,4
1147,1196,139
1148,975,116
1149,617,6
1150,286,20
1151,504,173
1152,309,33
1153,327,4
1154,111,54
1155,1161,12
1156,456,32
1157,1728,44
1158,994,3
1159,1267,62
1160,789,8
1161,461,32
1162,487,8
1163,806,172
1164,1388,1
1165,1473,18
1166,1820,3
1167,1876,27
1168,1916,165
1169,493,42
1170,1818,67
1171,1572,1
1172,612,37
1173,1736,93
1174,593,6
1175,631,95
1176,569,18
1177,101,19
1178,1405,60
1179,344,39
1180,1392,6
1181,147,159
1182,673,118
1183,512,17
1184,1111,229
1185,1186,147
1186,1153,146
1187,1654,3
1188,504,5
1189,490,1
1190,348,2
1191,1603,98
1192,618,18
1193,406,96
1194,1059,10
1195,1543,16
1196,1611,33
1197,217,110
1198,905,11
1199,988,96
1200,1793,43
1201,81,46
1202,495,63
1203,1091,48
1204,631,11
1205,420,225
1206,1022,5
1207,28,32
1208,1397,154
1209,1100,11
1210,1210,8
1211,974,30
1212,68,20
1213,380,194
1214,81,67
1215,154,186
1216,1529,100
1217,403,78
1218,112,112
1219,252,198
1220,1071,27
1221,68,27
1222,872,121
1223,676,3
1224,768,118
1225,695,44
1226,1390,16
1227,1196,216
1228,1191,49
1229,1147,9
1230,156,60
1231,176,5
1232,810,2
1233,329,169
1234,1264,20
1235,1528,4
1236,18,17
1237,18,143
1238,925,16
1239,74,125
1240,1930,29
1241,851,16
1242,1564,65
1243,1020,8
1244,1802,7
1245,1190,91
1246,1863,24
1247,1743,80
1248,1190,70
1249,206,11
1250,1529,16
1251,535,4
1252,1528,39
1253,394,82
1254,1482,63
1255,544,52
1256,1092,116
1257,1332,17
1258,672,17
1259,859,61
1260,683,10
1261,1853,5
1262,475,196
1263,1818,53
1264,302,1
1265,1284,51
1266,1593,8
1267,1760,47
1268,1782,29
1269,120,22
1270,732,20
1271,983,57
1272,61,104
1273,416,90
1274,713,49
1275,1220,42
1276,1370,151
1277,1078,99
1278,322,78
1279,1047,40
1280,927,10
1281,416,13
1282,1140,153
1283,468,73
1284,521,40
1285,648,28
1286,330,98
1287,1666,57
1288,811,74
1289,1029,206
1290,811,4
1291,771,137
1292,906,85
1293,1968,205
1294,1748,4
1295,1356,3
1296,1428,127
1297,1174,19
1298,1771,10
1299,18,31
1300,1135,118
1301,811,39
1302,1009,13
1303,494,23
1304,1640,1
1305,594,7
1306,1397,21
1307,1562,17
1308,1829,87
1309,475,126
1310,128,39
1311,1087,7
1312,998,2
1313,922,37
1314,1009,83
1315,214,63
1316,1572,29
1317,1524,32
1318,351,56
1319,30,8
1320,1154,7
1321,1616,3
1322,61,6
1323,1284,9
1324,1889,5
1325,637,132
1326,1769,44
1327,769,40
1328,527,120
1329,129,229
1330,296,74
1331,1267,6
1332,1784,123
1333,1029,87
1334,1196,125
1335,1954,36
1336,627,62
1337,1586,10
1338,762,9
1339,631,60
1340,1899,125
1341,661,48
1342,1853,40
1343,1946,13
1344,1563,6
1345,1648,67
1346,1725,77
1347,607,29
1348,217,187
1349,1153,34
1350,298,74
1351,646,72
1352,1040,114
1353,184,19
1354,128,32
1355,87,7
1356,351,42
1357,1082,54
1358,984,142
1359,179,113
1360,1043,160
1361,1079,7
1362,1453,6
1363,1404,58
1364,1576,87
1365,1196,83
1366,970,5
1367,282,79
1368,621,214
1369,1085,8
1370,1769,23
1371,195,74
1372,1033,5
1373,1784,39
1374,320,72
1375,1044,3
1376,212,51
1377,1220,119
1378,336,115
1379,244,29
1380,1030,19
1381,1841,33
1382,1435,7
1383,1206,14
1384,1424,6
1385,1631,84
1386,297,4
1387,742,18
1388,1793,8
1389,247,191
1390,1367,1
1391,1933,24
1392,352,22
1393,93,25
1394,1238,119
1395,915,57
1396,1705,49
1397,1459,48
1398,326,60
1399,621,228
1400,1131,115
1401,1729,54
1402,160,14
1403,982,4
1404,1050,11
1405,1361,14
1406,1082,33
1407,1724,10
1408,1733,26
1409,1589,82
1410,1179,22
1411,910,67
1412,1108,9
1413,1328,17
1414,441,115
1415,314,104
1416,879,28
1417,690,92
1418,1529,37
1419,1705,105
1420,820,28
1421,28,46
1422,17,59
1423,1374,7
1424,620,29
1425,1401,86
1426,74,55
1427,909,1
1428,1700,10
1429,1131,80
1430,493,63
1431,1587,8
1432,1860,50
1433,1529,205
1434,1790,38
1435,1029,129
1436,1827,5
1437,1156,178
1438,1846,6
1439,1466,2
1440,1043,20
1441,1179,15
1442,1339,62
1443,999,25
1444,213,56
1445,1640,71
1446,518,3
1447,428,62
1448,243,155
1449,812,7
1450,811,144
1451,527,71
1452,608,12
1453,1779,89
1454,646,2
1455,13,13
1456,1730,7
1457,1462,43
1458,1085,50
1459,520,11
1460,1273,14
1461,470,47
1462,325,30
1463,638,2
1464,557,12
1465,56,87
1466,1916,4
1467,1043,27
1468,1407,4
1469,520,60
1470,1089,4
1471,1971,49
1472,1131,3
1473,598,26
1474,1728,184
1475,1666,8
1476,116,3
1477,116,129
1478,606,6
1479,408,50
1480,74,76
1481,906,169
1482,1196,167
1483,475,42
1484,1690,33
1485,1365,16
1486,1686,2
1487,1068,6
1488,199,105
1489,1634,80
1490,569,74
1491,848,150
1492,1302,6
1493,1839,36
1494,1202,177
1495,60,74
1496,275,212
1497,1893,69
1498,276,144
1499,811,60
1500,40,10
1501,690,57
1502,908,25
1503,262,93
1504,1187,11
1505,1286,3
1506,1208,1
1507,1940,38
1508,1843,86
1509,1131,157
1510,1787,55
1511,1451,91
1512,1677,3
1513,1646,3
1514,1839,57
1515,782,28
1516,1230,24
1517,824,10
1518,1831,60
1519,229,161
1520,160,42
1521,1191,35
1522,1025,63
1523,380,110
1524,1648,81
1525,1332,38
1526,512,101
1527,1766,65
1528,1644,32
1529,1050,60
1530,268,21
1531,1744,19
1532,1654,38
1533,824,38
1534,129,194
1535,71,50
1536,1357,70
1537,584,41
1538,1703,1
1539,1421,114
1540,912,47
1541,604,127
1542,765,2
1543,826,25
1544,1640,57
1545,475,133
1546,99,21
1547,1020,43
1548,71,43
1549,710,104
1550,1644,25
1551,859,75
1552,1805,41
1553,433,6
1554,467,6
1555,890,3
1556,356,20
1557,330,7
1558,1843,72
1559,1402,89
1560,1859,63
1561,1330,4
1562,470,19
1563,1369,26
1564,1673,30
1565,1202,30
1566,387,2
1567,846,8
1568,766,34
1569,380,131
1570,199,35
1571,340,67
1572,1367,29
1573,1704,161
1574,1529,184
1575,1675,32
1576,1310,1
1577,1143,64
1578,908,130
1579,120,113
1580,1788,111
1581,1455,3
1582,958,3
1583,1108,58
1584,1492,7
1585,1878,6
1586,1062,46
1587,698,5
1588,71,106
1589,1763,115
1590,1149,5
1591,695,2
1592,1325,4
1593,1644,11
1594,1045,24
1595,1016,34
1596,504,12
1597,948,92
1598,667,4
1599,879,49
1600,690,8
1601,1506,1
1602,398,148
1603,548,16
1604,413,193
1605,1422,28
1606,1127,62
1607,1202,205
1608,1179,43
1609,413,39
1610,508,85
1611,1612,66
1612,1770,123
1613,71,15
1614,1153,90
1615,1048,26
1616,631,39
1617,1482,7
1618,1396,5
1619,1790,227
1620,1596,33
1621,753,38
1622,314,160
1623,1328,24
1624,279,3
1625,1438,58
1626,482,110
1627,1726,3
1628,1040,58
1629,229,105
1630,1202,2
1631,1339,6
1632,1316,36
1633,1267,90
1634,1711,139
1635,331,18
1636,562,11
1637,527,127
1638,1630,2
1639,1612,171
1640,570,46
1641,1715,6
1642,1818,144
1643,1285,4
1644,35,13
1645,535,60
1646,987,12
1647,943,67
1648,1267,41
1649,6,31
1650,1123,109
1651,406,124
1652,1648,74
1653,1528,25
1654,1837,163
1655,523,1
1656,1098,14
1657,326,102
1658,896,31
1659,1534,16
1660,456,116
1661,630,104
1662,350,31
1663,1294,8
1664,981,1
1665,1187,46
1666,1135,34
1667,1009,111
1668,301,37
1669,866,1
1670,1367,169
1671,351,91
1672,305,60
1673,1047,5
1674,1010,5
1675,71,78
1676,1622,12
1677,1016,13
1678,1756,35
1679,602,112
1680,1140,97
1681,1889,19
1682,1141,4
1683,1635,17
1684,1026,65
1685,416,34
1686,667,88
1687,528,40
1688,1729,5
1689,1264,27
1690,206,214
1691,1657,62
1692,1043,104
1693,1363,46
1694,129,159
1695,1703,8
1696,1127,6
1697,1499,1
1698,190,66
1699,1059,108
1700,1818,11
1701,142,29
1702,326,81
1703,1743,73
1704,184,5
1705,558,12
1706,695,16
1707,1629,77
1708,508,1
1709,112,98
1710,107,69
1711,512,122
1712,1470,25
1713,406,117
1714,672,3
1715,1498,10
1716,1264,55
1717,1704,35
1718,650,26
1719,1235,131
1720,1256,2
1721,530,70
1722,1984,17
1723,1216,38
1724,1008,114
1725,1517,26
1726,922,2
1727,673,34
1728,31,36
1729,1834,9
1730,1214,6
1731,479,42
1732,973,7
1733,1839,106
1734,535,11
1735,655,125
1736,30,36
1737,833,20
1738,153,4
1739,1574,191
1740,56,3
1741,805,43
1742,1143,1
1743,1359,42
1744,637,55
1745,344,67
1746,116,101
1747,729,4
1748,1334,8
1749,1170,10
1750,441,17
1751,922,65
1752,622,5
1753,212,23
1754,1482,91
1755,621,137
1756,1043,41
1757,1281,12
1758,1721,34
1759,71,113
1760,1370,102
1761,1043,111
1762,1830,57
1763,1369,124
1764,482,12
1765,337,76
1766,1238,35
1767,430,31
1768,1026,2
1769,154,67
1770,1325,60
1771,229,84
1772,1648,32
1773,1062,4
1774,561,44
1775,160,7
1776,1843,128
1777,1765,3
1778,731,18
1779,410,101
1780,738,25
1781,1725,126
1782,1529,198
1783,806,95
1784,382,96
1785,1697,96
1786,1846,153
1787,1728,93
1788,1780,127
1789,742,60
1790,319,36
1791,1144,60
1792,1633,11
1793,1812,159
1794,718,7
1795,1170,17
1796,1108,93
1797,1257,11
1798,1279,32
1799,1089,11
1800,65,23
1801,1117,41
1802,1219,101
1803,275,2
1804,1564,233
1805,715,8
1806,910,32
1807,1413,130
1808,1531,225
1809,1841,47
1810,1844,4
1811,1335,3
1812,1474,56
1813,1772,5
1814,1843,107
1815,116,17
1816,420,99
1817,1031,3
1818,1709,28
1819,296,32
1820,1026,58
1821,356,13
1822,710,55
1823,878,82
1824,771,144
1825,1178,43
1826,1774,54
1827,1788,55
1828,710,90
1829,380,173
1830,964,6
1831,1119,4
1832,190,3
1833,789,176
1834,1244,6
1835,806,11
1836,1088,10
1837,1586,31
1838,569,165
1839,1174,26
1840,1695,11
1841,640,60
1842,1757,5
1843,1899,132
1844,1543,44
1845,1726,185
1846,879,63
1847,912,75
1848,510,2
1849,811,137
1850,164,8
1851,142,1
1852,1470,4
1853,631,88
1854,75,4
1855,913,64
1856,305,4
1857,577,3
1858,309,89
1859,314,118
1860,457,63
1861,1187,39
1862,1812,117
1863,1711,69
1864,717,55
1865,637,160
1866,1273,28
1867,1140,139
1868,329,57
1869,1043,216
1870,792,2
1871,603,19
1872,120,134
1873,109,80
1874,1471,114
1875,1885,38
1876,1772,12
1877,1727,60
1878,374,114
1879,600,12
1880,695,93
1881,1743,66
1882,77,21
1883,1636,19
1884,1729,26
1885,646,170
1886,1634,10
1887,1703,15
1888,244,92
1889,710,111
1890,1026,114
1891,1144,32
1892,1875,13
1893,1657,13
1894,1841,12
1895,279,31
1896,637,6
1897,1624,1
1898,181,73
1899,1814,32
1900,717,6
1901,646,44
1902,1338,32
1903,269,25
1904,1788,69
1905,1082,19
1906,1531,197
1907,1092,60
1908,1555,84
1909,620,1
1910,212,44
1911,1347,128
1912,1838,4
1913,1216,59
1914,682,11
1915,1362,58
1916,1157,26
1917,984,114
1918,1959,13
1919,1482,147
1920,1467,32
1921,1462,127
1922,1690,5
1923,1288,2
1924,544,3
1925,217,40
1926,936,3
1927,884,68
1928,1462,92
1929,1612,38
1930,1143,92
1931,786,22
1932,241,9
1933,1161,5
1934,637,139
1935,461,116
1936,406,40
1937,806,102
1938,1025,28
1939,1187,74
1940,410,24
1941,1429,7
1942,1596,26
1943,406,89
1944,398,1
1945,154,18
1946,159,1
1947,1446,52
1948,1249,46
1949,17,31
1950,1843,79
1951,991,40
1952,1756,63
1953,1786,3
1954,948,22
1955,777,147
1956,1973,33
1957,1786,31
1958,771,109
1959,244,1
1960,13,62
1961,1657,34
1962,512,3
1963,1357,35
1964,1094,36
1965,1598,114
1966,1574,170
1967,1161,47
1968,1213,16
1969,1156,129
1970,197,2
1971,244,36
1972,1846,69
1973,1363,18
1974,410,3
1975,1108,86
1976,827,8
1977,1186,91
1978,1846,97
1979,1416,7
1980,733,3
1981,1991,45
1982,1264,48
1983,70,56
1984,81,186
1985,1222,3
1986,21,4
1987,1652,6
1988,1603,42
1989,737,22
1990,35,97
1991,1120,95
1992,1095,19
1993,302,15
1994,1885,17
1995,967,10
1996,1616,31
1997,1264,153
1998,1143,141
1999,1008,2
2000,489,11
2001,1956,5
2002,878,33
2003,1212,3
2004,884,26
2005,1428,99
2006,1878,118
2007,247,163
2008,1029,80
2009,1967,13
2010,1394,21
2011,474,13
2012,1647,40
2013,742,67
2014,1432,134
2015,156,53
2016,538,51
2017,1818,39
2018,1729,47
2019,382,89
2020,73,2
2021,1634,115
2022,450,1
2023,618,200
2024,604,22
2025,561,72
2026,805,29
2027,535,25
2028,13,6
2029,31,8
2030,337,27
2031,95,11
2032,1855,9
2033,1846,174
2034,1332,178
2035,655,167
2036,1885,24
2037,1349,7
2038,1886,29
2039,129,124
2040,1349,91
2041,459,85
2042,420,36
2043,56,24
2044,1430,1
2045,1120,214
2046,1780,85
2047,991,124
2048,1916,81
2049,1544,1
2050,237,4
2051,522,5
2052,1532,27
2053,1692,59
2054,1562,73
2055,291,3
2056,431,10
2057,1770,32
2058,1770,25
2059,1655,100
2060,1531,141
2061,1825,6
2062,622,82
2063,562,4
2064,508,15
2065,213,35
2066,542,41
2067,505,31
2068,1889,12
2069,1026,191
2070,1763,31
2071,712,21
2072,424,19
2073,207,78
2074,604,29
2075,1249,4
2076,810,149
2077,987,173
2078,1035,3
2079,1239,14
2080,734,6
2081,269,123
2082,1117,48
2083,1571,27
2084,1659,116
2085,213,7
2086,1640,85
2087,620,71
2088,1196,104
2089,557,40
2090,1620,13
2091,1884,3
2092,1191,210
2093,420,64
2094,1839,176
2095,1883,26
2096,1769,37
2097,432,86
2098,1016,97
2099,1370,200
2100,4,33
2101,1057,89
2102,286,34
2103,421,230
2104,1144,4
2105,1973,5
2106,774,4
2107,1239,7
2108,1078,197
2109,1903,62
2110,1725,56
2111,1824,103
2112,279,115
2113,621,67
2114,1422,196
2115,851,135
2116,1233,7
2117,1634,178
2118,1249,95
2119,1204,5
2120,102,9
2121,1867,184
2122,1491,4
2123,655,27
2124,178,3
2125,1806,13
2126,99,14
2127,83,168
2128,1763,59
2129,270,11
2130,1302,34
2131,380,75
2132,1974,91
2133,1748,32
2134,413,144
2135,380,68
2136,1078,15
2137,504,96
2138,512,94
2139,943,18
2140,81,102
2141,1399,3
2142,1137,145
2143,1442,8
2144,102,23
2145,1156,10
2146,1775,35
2147,229,21
2148,1363,158
2149,637,125
2150,1335,38
2151,1830,29
2152,872,30
2153,512,129
2154,494,226
2155,337,41
2156,557,5
2157,825,2
2158,188,8
2159,1179,162
2160,1709,35
2161,1706,93
2162,26,14
2163,61,188
2164,1378,9
2165,176,61
2166,420,106
2167,382,138
2168,1604,2
2169,1089,18
2170,1766,44
2171,1022,61
2172,505,59
2173,378,132
2174,56,192
2175,1007,37
2176,1728,149
2177,1954,29
2178,1094,127
2179,1169,14
2180,401,2
2181,1766,30
2182,879,161
2183,455,15
2184,1362,16
2185,837,41
2186,747,5
2187,717,48
2188,1760,40
2189,520,67
2190,1521,3
2191,17,3
2192,71,57
2193,338,206
2194,1078,8
2195,112,175
2196,1806,6
2197,380,117
2198,1992,146
2199,557,47
2200,1727,46
2201,244,71
2202,443,7
2203,1277,22
2204,743,5
2205,620,92
2206,116,10
2207,1008,30
2208,1047,96
2209,102,2
2210,431,3
2211,1766,86
2212,1187,95
2213,1682,44
2214,1048,19
2215,1654,59
2216,1585,6
2217,34,9
2218,1825,97
2219,952,24
2220,663,44
2221,1007,128
2222,1574,205
2223,1143,99
2224,1883,33
2225,1709,56
2226,1339,104
2227,878,89
2228,238,13
2229,1459,13
2230,372,86
2231,650,5
2232,1992,34
2233,855,14
2234,1397,98
2235,406,110
2236,143,105
2237,1918,39
2238,1335,17
2239,263,45
2240,470,82
2241,710,62
2242,1310,36
2243,1716,3
2244,717,174
2245,1998,23
2246,1478,19
2247,1089,102
2248,295,7
2249,202,33
2250,1916,11
2251,375,7
2252,1431,11
2253,476,29
2254,1831,116
2255,1729,68
2256,1158,6
2257,579,8
2258,913,92
2259,1062,95
2260,1872,14
2261,521,33
2262,563,8
2263,1175,88
2264,527,50
2265,1422,161
2266,249,15
2267,872,142
2268,1780,211
2269,403,22
2270,786,15
2271,1697,215
2272,26,63
2273,621,186
2274,1318,3
2275,91,4
2276,1357,105
2277,1381,9
2278,472,5
2279,340,25
2280,637,174
2281,1034,23
2282,853,12
2283,913,85
2284,217,47
2285,1016,6
2286,936,150
2287,1543,2
2288,17,66
2289,753,52
2290,1486,69
2291,1202,72
2292,1639,23
2293,493,56
2294,1144,46
2295,493,7
2296,1976,20
2297,1290,34
2298,1361,42
2299,24,34
2300,351,98
2301,1119,74
2302,609,6
2303,1609,91
2304,958,17
2305,1622,89
2306,106,27
2307,512,108
2308,932,10
2309,247,198
2310,927,3
2311,1462,22
2312,1220,35
2313,441,45
2314,156,46
2315,84,154
2316,1244,174
2317,1367,113
2318,421,55
2319,1031,31
2320,584,34
2321,884,19
2322,604,15
2323,508,92
2324,372,58
2325,1843,93
2326,771,116
2327,428,6
2328,1362,37
2329,128,4
2330,74,104
2331,1642,70
2332,1748,39
2333,1930,57
2334,554,40
2335,1308,30
2336,229,98
2337,68,13
2338,886,54
2339,156,179
2340,501,1
2341,28,25
2342,527,176
2343,1846,41
2344,1459,27
2345,1328,3
2346,622,12
2347,421,90
2348,1632,149
2349,338,59
2350,631,25
2351,1567,32
2352,1555,98
2353,1049,59
2354,1830,141
2355,1632,93
2356,4,5
2357,915,8
2358,1349,35
2359,156,102
2360,1085,43
2361,1798,32
2362,420,141
2363,247,107
2364,1587,1
2365,910,18
2366,1812,152
2367,1257,39
2368,1619,12
2369,1429,91
2370,1008,16
2371,1333,110
2372,542,139
2373,61,118
2374,1870,31
2375,933,3
2376,56,80
2377,1780,92
2378,1940,17
2379,70,21
2380,1237,60
2381,1979,1
2382,112,147
2383,1622,19
2384,897,7
2385,1220,77
2386,1672,3
2387,381,3
2388,988,40
2389,747,26
2390,576,12
2391,1860,22
2392,385,28
2393,515,1
2394,373,8
2395,35,34
2396,909,85
2397,295,14
2398,388,30
2399,1120,158
2400,120,127
2401,1477,17
2402,1471,16
2403,521,5
2404,1156,108
2405,607,64
2406,1967,6
2407,315,7
2408,1583,5
2409,1589,19
2410,771,81
2411,441,178
2412,613,89
2413,1813,2
2414,484,35
2415,1160,11
2416,214,7
2417,667,60
2418,1728,156
2419,1265,44
2420,428,55
2421,1883,75
2422,1585,20
2423,1357,28
2424,1362,79
2425,621,235
2426,520,81
2427,1144,39
2428,1085,22
2429,234,49
2430,1613,31
2431,1619,47
2432,598,5
2433,1218,151
2434,70,35
2435,179,1
2436,1841,40
2437,1070,30
2438,1334,71
2439,560,2
2440,1837,2
2441,501,29
2442,147,5
2443,644,5
2444,1179,85
2445,627,174
2446,1281,89
2447,1400,29
2448,1943,80
2449,1126,2
2450,992,6
2451,1042,177
2452,1249,74
2453,895,43
2454,1775,28
2455,713,21
2456,751,18
2457,1859,119
2458,56,52
2459,961,14
2460,151,14
2461,1082,5
2462,179,141
2463,1692,10
2464,1434,30
2465,622,33
2466,263,31
2467,907,20
2468,1705,98
2469,796,3
2470,1121,89
2471,710,118
2472,418,64
2473,18,136
2474,198,74
2475,820,35
2476,18,52
2477,1771,115
2478,1555,133
2479,1790,94
2480,424,33
2481,92,3
2482,1220,126
2483,1763,3
2484,199,63
2485,527,78
2486,1253,5
2487,683,3
2488,269,32
2489,1574,226
2490,154,88
2491,806,116
2492,1724,3
2493,851,65
2494,1354,117
2495,372,2
2496,1778,4
2497,70,49
2498,1831,46
2499,1831,25
2500,1388,29
2501,1100,4
2502,493,77
2503,1238,147
2504,977,6
2505,154,165
2506,1648,165
2507,1406,33
2508,1635,87
2509,1991,24
2510,850,3
2511,207,43
2512,193,33
2513,1364,1
2514,1711,55
2515,680,26
2516,1849,60
2517,336,59
2518,286,69
2519,1156,171
2520,1766,114
2521,71,134
2522,1429,63
2523,1144,11
2524,1244,20
2525,314,34
2526,1427,1
2527,1091,41
2528,1766,16
2529,259,77
2530,392,4
2531,710,132
2532,1563,34
2533,259,105
2534,858,15
2535,1766,51
2536,1645,1
2537,804,144
2538,1968,23
2539,206,53
2540,563,57
2541,1430,22
2542,1041,29
2543,1821,20
2544,1273,133
2545,1779,145
2546,751,4
2547,874,3
2548,980,1
2549,1555,7
2550,1258,29
2551,655,118
2552,1192,28
2553,13,27
2554,1824,117
2555,18,129
2556,1035,31
2557,123,3
2558,542,83
2559,673,62
2560,811,11
2561,408,78
2562,106,62
2563,687,14
2564,493,14
2565,106,125
2566,380,5
2567,1356,10
2568,1855,100
2569,1745,9
2570,1156,157
2571,1501,84
2572,621,200
2573,1640,50
2574,413,186
2575,1439,111
2576,504,89
2577,1020,1
2578,1323,27
2579,1257,32
2580,486,5
2581,1339,69
2582,1705,91
2583,1072,5
2584,1094,8
2585,1867,37
2586,1030,68
2587,1574,58
2588,1316,1
2589,1736,30
2590,410,45
2591,1368,54
2592,1521,10
2593,206,207
2594,897,119
2595,754,26
2596,1155,4
2597,951,3
2598,351,21
2599,1529,30
2600,826,4
2601,494,2
2602,1780,8
2603,1543,37
2604,1432,57
2605,1620,6
2606,542,202
2607,406,145
2608,352,120
2609,1516,6
2610,1042,2
2611,1845,63
2612,1196,6
2613,1525,67
2614,50,15
2615,338,129
2616,912,33
2617,1156,59
2618,507,9
2619,679,14
2620,1697,12
2621,1748,25
2622,1587,22
2623,958,24
2624,860,60
2625,420,176
2626,521,19
2627,1406,110
2628,1474,7
2629,1876,97
2630,1026,51
2631,1462,1
2632,215,85
2633,738,200
2634,156,186
2635,117,2
2636,1500,17
2637,1440,13
2638,1202,79
2639,322,120
2640,1156,192
2641,715,22
2642,781,11
2643,751,11
2644,879,7
2645,420,127
2646,927,59
2647,1770,102
2648,1478,117
2649,1587,78
2650,1876,139
2651,1108,65
2652,936,108
2653,530,7
2654,1120,67
2655,66,2
2656,792,114
2657,1029,94
2658,1451,98
2659,395,28
2660,1843,156
2661,494,212
2662,1818,81
2663,1933,31
2664,450,22
2665,554,19
2666,1255,24
2667,1332,122
2668,884,47
2669,475,91
2670,420,29
2671,488,12
2672,1870,10
2673,1406,5
2674,1929,10
2675,470,54
2676,413,165
2677,1459,6
2678,839,2
2679,1612,59
2680,487,1
2681,584,20
2682,1043,125
2683,1501,56
2684,895,8
2685,1510,20
2686,1846,146
2687,631,53
2688,1394,14
2689,1974,203
2690,413,200
2691,621,25
2692,1370,18
2693,543,7
2694,333,2
2695,1190,112
2696,385,7
2697,833,41
2698,431,24
2699,882,23
2700,1018,92
2701,713,154
2702,927,87
2703,1789,5
2704,1635,171
2705,1220,105
2706,742,4
2707,906,1
2708,569,144
2709,1709,14
2710,525,30
2711,766,55
2712,1567,4
2713,178,45
2714,742,74
2715,1298,1
2716,1769,16
2717,598,19
2718,161,11
2719,1156,3
2720,563,15
2721,197,9
2722,631,81
2723,654,7
2724,374,72
2725,1043,76
2726,382,40
2727,504,110
2728,351,14
2729,244,78
2730,1042,170
2731,1550,29
2732,416,6
2733,1156,73
2734,1193,17
2735,1334,1
2736,3,29
2737,655,13
2738,1120,25
2739,1196,160
2740,398,106
2741,1397,14
2742,1634,122
2743,869,5
2744,61,62
2745,81,179
2746,1022,33
2747,81,53
2748,1475,3
2749,338,94
2750,1814,18
2751,678,5
2752,1289,78
2753,156,39
2754,515,64
2755,1930,85
2756,1281,68
2757,915,85
2758,1152,14
2759,1432,43
2760,68,62
2761,512,31
2762,1657,48
2763,143,28
2764,1462,225
2765,420,85
2766,494,58
2767,859,19
2768,1935,4
2769,1578,145
2770,1085,120
2771,674,4
2772,1005,45
2773,603,117
2774,593,41
2775,637,34
2776,1933,73
2777,374,16
2778,275,219
2779,1390,65
2780,879,98
2781,612,16
2782,91,144
2783,626,15
2784,244,43
2785,1760,5
2786,805,36
2787,768,34
2788,1478,33
2789,1370,165
2790,908,4
2791,1038,2
2792,1725,63
2793,1326,19
2794,1468,65
2795,477,24
2796,1846,139
2797,1413,11
2798,1543,23
2799,1646,24
2800,1332,185
2801,1190,147
2802,1917,19
2803,1082,40
2804,927,17
2805,152,20
2806,781,116
2807,1916,102
2808,1705,112
2809,1610,13
2810,605,37
2811,382,47
2812,234,14
2813,394,19
2814,1397,42
2815,1869,152
2816,351,63
2817,1728,72
2818,738,116
2819,413,11
2820,504,61
2821,760,15
2822,319,29
2823,600,5
2824,1812,82
2825,1264,181
2826,1140,69
2827,650,117
2828,1635,150
2829,580,17
2830,1457,11
2831,646,30
2832,1810,19
2833,1748,18
2834,752,86
2835,1422,77
2836,753,171
2837,621,4
2838,1339,83
2839,1818,4
2840,1257,165
2841,1396,61
2842,1201,6
2843,1814,4
2844,1529,149
2845,1422,70
2846,25,27
2847,340,4
2848,934,16
2849,84,77
2850,1930,141
2851,695,156
2852,111,40
2853,1277,50
2854,1078,1
2855,687,147
2856,95,39
2857,440,29
2858,403,120
2859,1642,84
2860,1603,35
2861,872,2
2862,906,113
2863,1085,29
2864,1462,15
2865,1401,58
2866,613,33
2867,1427,57
2868,1219,150
2869,1622,103
2870,106,111
2871,1043,62
2872,441,73
2873,1529,156
2874,252,86
2875,1748,11
2876,1571,13
2877,476,36
2878,956,87
2879,622,19
2880,1818,221
2881,570,88
2882,382,103
2883,879,217
2884,958,10
2885,1401,114
2886,1420,7
2887,637,41
2888,1261,20
2889,1310,78
2890,1787,13
2891,1611,145
2892,56,10
2893,1670,24
2894,1108,100
2895,1368,166
2896,1347,156
2897,1841,75
2898,265,31
2899,206,221
2900,229,112
2901,612,23
2902,624,58
2903,50,8
2904,1682,86
2905,13,90
2906,6,3
2907,721,4
2908,908,221
2909,845,85
2910,1704,63
2911,1264,160
2912,1026,121
2913,1587,36
2914,1610,41
2915,1726,17
2916,914,7
2917,1928,13
2918,1439,97
2919,2000,1
2920,561,107
2921,673,167
2922,1587,155
2923,1355,5
2924,637,48
2925,329,1
2926,1650,18
2927,521,12
2928,378,104
2929,1532,13
2930,1966,3
2931,1468,100
2932,1008,107
2933,1631,42
2934,603,47
2935,1457,39
2936,1462,29
2937,1430,8
2938,1397,175
2939,1420,21
2940,1397,35
2941,1655,30
2942,1986,3
2943,1397,105
2944,1664,2
2945,109,38
2946,858,57
2947,1872,63
2948,975,32
2949,1152,35
2950,154,32
2951,1264,13
2952,912,26
2953,1528,11
2954,229,140
2955,620,43
2956,431,87
2957,1209,5
2958,1257,102
2959,1369,194
2960,1706,23
2961,211,7
2962,482,82
2963,116,59
2964,286,83
2965,505,3
2966,1174,33
2967,1818,179
2968,1196,13
2969,544,66
2970,1990,123
2971,1940,31
2972,1220,112
2973,235,5
2974,1135,13
2975,374,2
2976,380,145
2977,84,35
2978,229,91
2979,395,21
2980,398,43
2981,1339,13
2982,537,11
2983,1237,88
2984,1061,4
2985,1060,4
2986,18,38
2987,1577,1
2988,1610,125
2989,702,63
2990,40,3
2991,1179,57
2992,1827,75
2993,503,33
2994,1598,9
2995,1149,33
2996,1692,150
2997,548,86
2998,1341,1
2999,710,48
3000,627,146
3001,1085,113
3002,1532,69
3003,811,151
3004,1363,109
3005,933,101
3006,1468,44
3007,18,45
3008,1343,4
3009,91,116
3010,282,135
3011,1641,11
3012,1405,4
3013,1916,25
3014,416,62
3015,1704,189
3016,535,95
3017,922,9
3018,61,181
3019,1478,54
3020,1264,76
3021,752,65
3022,99,28
3023,1273,77
3024,1857,1
3025,1817,39
3026,1175,60
3027,570,32
3028,1411,17
3029,1932,4
3030,453,3
3031,1659,144
3032,771,67
3033,1018,29
3034,1009,48
3035,63,61
3036,1447,1
3037,1432,85
3038,410,10
3039,1202,107
3040,1884,10
3041,804,81
3042,584,6
3043,674,144
3044,1636,26
3045,461,172
3046,738,18
3047,967,3
3048,695,37
3049,1640,29
3050,1870,3
3051,362,15
3052,1726,24
3053,1855,23
3054,406,5
3055,646,114
3056,872,93
3057,1646,17
3058,487,15
3059,1432,8
3060,1016,20
3061,1574,100
3062,26,56
3063,28,4
3064,247,177
3065,1860,1
3066,1078,36
3067,826,95
3068,603,54
3069,1439,69
3070,351,7
3071,1814,25
3072,637,62
3073,912,5
3074,1240,7
3075,1867,177
3076,899,141
3077,1004,28
3078,1814,39
3079,1693,139
3080,1035,10
3081,895,50
3082,85,17
3083,494,79
3084,909,127
3085,1869,89
3086,1579,9
3087,1160,18
3088,403,155
3089,1893,6
3090,203,5
3091,507,72
3092,1873,1
3093,1290,27
3094,742,25
3095,508,155
3096,107,27
3097,1397,147
3098,1220,91
3099,302,141
3100,1647,5
3101,154,4
3102,115,61
3103,948,1
3104,1894,19
3105,925,9
3106,1323,13
3107,302,36
3108,1501,7
3109,199,168
3110,1076,6
3111,1255,45
3112,871,114
3113,850,17
3114,748,61
3115,1156,24
3116,920,16
3117,1265,72
3118,154,144
3119,1805,34
3120,798,31
3121,482,26
3122,1919,6
3123,1810,12
3124,1790,157
3125,361,5
3126,569,39
3127,1529,135
3128,1432,113
3129,1123,144
3130,1119,88
3131,1395,7
3132,647,7
3133,56,73
3134,140,1
3135,1475,17
3136,1806,139
3137,1929,87
3138,1737,36
3139,945,6
3140,1825,167
3141,308,8
3142,1025,126
3143,1178,22
3144,1646,10
3145,1843,121
3146,1179,71
3147,1954,43
3148,1333,47
3149,1369,5
3150,243,57
3151,805,8
3152,884,12
3153,398,141
3154,374,58
3155,56,115
3156,338,73
3157,1156,136
3158,1931,83
3159,973,35
3160,753,150
3161,1156,17
3162,128,74
3163,1343,32
3164,1284,16
3165,502,30
3166,842,7
3167,1158,13
3168,1040,30
3169,1726,213
3170,1771,3
3171,1777,28
3172,114,3
3173,915,22
3174,485,32
3175,527,22
3176,1235,89
3177,408,85
3178,298,60
3179,74,69
3180,1512,29
3181,954,33
3182,1468,2
3183,1494,10
3184,1597,18
3185,752,2
3186,520,74
3187,1926,60
3188,494,37
3189,1332,80
3190,548,79
3191,1631,63
3192,663,2
3193,1367,85
3194,1238,91
3195,110,33
3196,1158,20
3197,1494,3
3198,914,14
3199,210,10
3200,1405,116
3201,548,23
3202,1543,9
3203,1267,48
3204,1839,1
3205,786,29
3206,1634,66
3207,1421,198
3208,244,64
3209,700,44
3210,806,46
3211,1919,90
3212,68,83
3213,631,46
3214,1140,27
3215,224,9
3216,1705,126
3217,1929,38
3218,47,9
3219,945,20
3220,299,6
3221,811,95
3222,1976,27
3223,468,3
3224,391,7
3225,579,15
3226,1810,5
3227,13,104
3228,1196,188
3229,1755,148
3230,1792,11
3231,1308,2
3232,482,89
3233,934,23
3234,1160,53
3235,408,71
3236,376,15
3237,1338,25
3238,1693,55
3239,1202,163
3240,1656,4
3241,563,1
3242,1105,48
3243,738,4
3244,1846,90
3245,244,15
3246,244,113
3247,742,11
3248,646,16
3249,1940,3
3250,1906,18
3251,217,138
3252,1370,186
3253,811,18
3254,637,90
3255,106,160
3256,1812,33
3257,107,41
3258,864,5
3259,781,102
3260,132,7
3261,1883,54
3262,1853,82
3263,1642,7
3264,1124,85
3265,1202,9
3266,1841,124
3267,413,88
3268,738,88
3269,988,5
3270,482,103
3271,1432,50
3272,1081,7
3273,806,39
3274,1015,14
3275,1985,2
3276,1598,65
3277,1139,88
3278,1156,31
3279,62,5
3280,539,11
3281,1143,57
3282,1640,99
3283,811,81
3284,926,6
3285,927,24
3286,1867,16
3287,1244,62
3288,806,144
3289,1213,37
3290,886,47
3291,570,81
3292,675,6
3293,71,148
3294,864,96
3295,178,24
3296,1422,112
3297,1991,17
3298,406,68
3299,1394,56
3300,691,5
3301,1135,62
3302,403,57
3303,120,85
3304,1610,153
3305,217,5
3306,1462,78
3307,956,59
3308,70,42
3309,520,109
3310,1354,201
3311,1549,7
3312,1853,96
3313,632,1
3314,1391,100
3315,1094,120
3316,456,11
3317,584,90
3318,443,14
3319,457,21
3320,374,170
3321,120,176
3322,1367,57
3323,326,32
3324,181,10
3325,120,162
3326,1390,23
3327,413,123
3328,1273,49
3329,1535,15
3330,1075,4
3331,1466,58
3332,61,55
3333,199,70
3334,455,1
3335,1812,110
3336,191,1
3337,1812,47
3338,1532,104
3339,1219,24
3340,797,3
3341,631,74
3342,1139,116
3343,1144,81
3344,527,113
3345,1204,117
3346,1574,16
3347,397,83
3348,1108,72
3349,1135,97
3350,631,4
3351,948,127
3352,826,46
3353,1005,38
3354,1869,138
3355,806,18
3356,1613,17
3357,421,104
3358,1657,6
3359,1179,176
3360,538,44
3361,1237,4
3362,883,17
3363,959,14
3364,859,5
3365,1267,146
3366,769,12
3367,707,87
3368,1086,2
3369,1997,111
3370,485,88
3371,1206,21
3372,1108,16
3373,640,32
3374,1940,136
3375,1244,27
3376,435,12
3377,106,55
3378,792,58
3379,472,89
3380,213,91
3381,618,4
3382,413,130
3383,343,5
3384,999,46
3385,569,179
3386,1766,2
3387,1931,48
3388,397,76
3389,1697,47
3390,1530,7
3391,1640,57
3392,984,16
3393,1812,75
3394,1636,5
3395,1272,14
3396,1814,109
3397,1876,13
3398,1462,57
3399,482,61
3400,663,16
3401,1191,42
3402,1339,118
3403,139,85
3404,296,18
3405,1196,146
3406,428,27
3407,1486,6
3408,473,2
3409,1636,103
3410,1324,60
3411,1931,111
3412,1812,26
3413,329,8
3414,494,93
3415,293,6
3416,1120,11
3417,631,32
3418,1190,140
3419,82,30
3420,1190,63
3421,922,72
3422,1812,96
3423,922,16
3424,527,64
3425,806,67
3426,1057,40
3427,912,110
3428,476,15
3429,1946,20
3430,1692,213
3431,1146,3
3432,1926,11
3433,1088,73
3434,296,4
3435,1363,130
3436,1446,38
3437,25,6
3438,1148,6
3439,1108,142
3440,882,9
3441,1519,10
3442,1749,46
3443,1473,11
3444,766,6
3445,561,142
3446,68,48
3447,1586,115
3448,244,106
3449,374,65
3450,569,158
3451,247,72
3452,690,106
3453,1872,77
3454,1432,1
3455,1085,1
3456,1592,8
3457,897,28
3458,229,14
3459,1146,31
3460,1854,7
3461,56,38
3462,878,110
3463,1755,197
3464,1267,76
3465,472,75
3466,987,117
3467,1734,45
3468,1339,90
3469,579,29
3470,148,34
3471,1409,3
3472,430,45
3473,718,147
3474,1085,71
3475,107,83
3476,309,5
3477,367,31
3478,1705,161
3479,372,37
3480,1984,115
3481,234,42
3482,1354,5
3483,1040,2
3484,1638,35
3485,1405,32
3486,1391,2
3487,215,22
3488,695,23
3489,234,21
3490,448,4
3491,787,82
3492,1156,87
3493,1525,53
3494,1202,58
3495,512,157
3496,151,77
3497,84,63
3498,1431,4
3499,200,7
3500,1258,1
3501,1734,17
3502,663,58
3503,1030,12
3504,87,28
3505,1468,9
3506,326,39
3507,1759,15
3508,1725,21
3509,1725,70
3510,770,6
3511,777,7
3512,1904,10
3513,1755,106
3514,824,3
3515,1666,22
3516,263,73
3517,1729,61
3518,673,125
3519,61,6
3520,9,17
3521,424,26
3522,62,82
3523,1290,6
3524,1704,21
3525,1219,115
3526,346,60
3527,1619,33
3528,21,60
3529,331,25
3530,530,56
3531,512,164
3532,833,139
3533,154,151
3534,1619,61
3535,420,22
3536,767,12
3537,1128,26
3538,1018,71
3539,1018,15
3540,1216,31
3541,1384,2
3542,1812,68
3543,927,101
3544,132,21
3545,1359,35
3546,1281,5
3547,1692,38
3548,1529,44
3549,1682,72
3550,1862,5
3551,1885,10
3552,878,5
3553,642,87
3554,1273,91
3555,676,17
3556,888,36
3557,1862,117
3558,684,5
3559,548,93
3560,1906,67
3561,549,85
3562,996,2
3563,1091,34
3564,1634,192
3565,1753,6
3566,912,19
3567,441,52
3568,995,14
3569,1089,60
3570,1990,60
3571,603,159
3572,1018,36
3573,617,13
3574,913,169
3575,1976,6
3576,1123,46
3577,416,27
3578,1829,31
3579,1845,7
3580,1709,112
3581,1369,110
3582,1787,27
3583,259,14
3584,243,8
3585,1368,12
3586,1670,3
3587,604,78
3588,1368,96
3589,1338,11
3590,1736,79
3591,1432,92
3592,319,92
3593,1363,221
3594,851,2
3595,1439,34
3596,1636,33
3597,1459,34
3598,143,133
3599,535,151
3600,378,160
3601,1529,79
3602,1725,35
3603,213,49
3604,896,3
3605,1867,9
3606,387,23
3607,1537,16
3608,859,96
3609,1204,89
3610,781,18
3611,1220,140
3612,1091,20
3613,1361,140
3614,554,47
3615,1634,24
3616,1144,18
3617,1253,173
3618,1220,133
3619,154,46
3620,1277,1
3621,525,9
3622,1156,164
3623,1815,10
3624,243,15
3625,18,66
3626,1552,6
3627,512,45
3628,1177,79
3629,388,2
3630,1406,89
3631,441,73
3632,543,56
3633,766,104
3634,1057,47
3635,487,29
3636,387,9
3637,408,15
3638,1462,50
3639,1879,168
3640,425,10
3641,913,113
3642,1593,22
3643,129,82
3644,487,36
3645,1659,4
3646,575,1
3647,154,25
3648,1421,58
3649,1439,6
3650,1875,20
3651,1638,14
3652,1812,12
3653,1120,46
3654,638,23
3655,1766,107
3656,1265,128
3657,1968,135
3658,964,34
3659,1368,75
3660,269,67
3661,85,24
3662,1356,24
3663,1131,24
3664,137,25
3665,1929,24
3666,952,87
3667,413,102
3668,112,105
3669,263,199
3670,1219,3
3671,618,179
3672,926,34
3673,24,55
3674,561,30
3675,512,136
3676,970,47
3677,727,7
3678,512,143
3679,872,205
3680,1279,18
3681,263,3
3682,1841,5
3683,1078,127
3684,351,105
3685,81,109
3686,1174,5
3687,1405,18
3688,907,139
3689,848,38
3690,477,31
3691,820,42
3692,217,152
3693,768,90
3694,1529,163
3695,120,120
3696,570,25
3697,1453,62
3698,1156,45
3699,1196,90
3700,520,25
3701,1940,59
3702,1529,86
3703,63,5
3704,985,62
3705,1459,20
3706,1029,10
3707,1711,6
3708,401,23
3709,732,6
3710,1828,32
3711,1368,110
3712,991,96
3713,1784,25
3714,999,32
3715,1042,86
3716,1244,146
3717,1225,62
3718,594,21
3719,330,49
3720,1843,149
3721,1131,38
3722,1025,98
3723,884,33
3724,302,106
3725,1288,16
3726,1548,7
3727,840,8
3728,1179,232
3729,1812,89
3730,912,68
3731,1737,15
3732,544,10
3733,120,64
3734,168,119
3735,1727,4
3736,1244,90
3737,1055,3
3738,314,6
3739,1146,87
3740,1391,30
3741,933,31
3742,961,7
3743,618,39
3744,1770,60
3745,1183,18
3746,308,1
3747,909,148
3748,475,77
3749,1502,2
3750,1629,7
3751,1616,115
3752,584,55
3753,372,72
3754,1940,10
3755,872,16
3756,1755,176
3757,1361,77
3758,848,10
3759,974,79
3760,630,34
3761,909,29
3762,717,62
3763,1029,52
3764,1775,42
3765,1368,40
3766,1261,6
3767,1196,153
3768,388,86
3769,346,102
3770,869,12
3771,909,78
3772,636,33
3773,1795,32
3774,601,29
3775,1536,25
3776,512,150
3777,1726,192
3778,621,32
3779,1997,34
3780,1427,148
3781,1593,1
3782,1634,73
3783,1780,197
3784,872,58
3785,569,123
3786,1793,29
3787,715,29
3788,604,57
3789,1705,84
3790,818,18
3791,530,77
3792,290,27
3793,569,95
3794,618,137
3795,1026,16
3796,1725,133
3797,1120,18
3798,476,71
3799,213,105
3800,1344,114
3801,1204,159
3802,1706,30
3803,504,33
3804,1610,181
3805,1135,27
3806,1876,202
3807,269,4
3808,1135,6
3809,1357,175
3810,1432,155
3811,1273,98
3812,520,39
3813,872,114
3814,470,5
3815,1131,129
3816,380,208
3817,1549,28
3818,206,144
3819,1277,85
3820,151,7
3821,1766,37
3822,1498,3
3823,1061,25
3824,60,25
3825,985,34
3826,1026,156
3827,1818,130
3828,713,126
3829,1121,33
3830,991,26
3831,883,10
3832,1931,97
3833,61,55
3834,1602,6
3835,1705,77
3836,604,148
3837,731,11
3838,1839,15
3839,1812,103
3840,908,165
3841,538,37
3842,373,1
3843,1903,6
3844,112,21
3845,882,37
3846,3,15
3847,152,13
3848,753,3
3849,1446,3
3850,581,2
3851,1593,15
3852,1071,69
3853,1613,94
3854,805,22
3855,1264,104
3856,1025,161
3857,1784,186
3858,56,59
3859,1743,66
3860,1589,12
3861,7,18
3862,302,99
3863,528,5
3864,1406,138
3865,829,29
3866,2000,22
3867,61,118
3868,1930,1
3869,1440,20
3870,673,69
3871,336,31
3872,11,24
3873,178,52
3874,1620,20
3875,878,68
3876,61,13
3877,1101,4
3878,413,4
3879,424,68
3880,1593,29
3881,1370,144
3882,1529,226
3883,888,8
3884,247,135
3885,1261,27
3886,789,1
3887,647,28
3888,1644,123
3889,81,123
3890,1831,88
3891,1390,121
3892,1190,21
3893,1478,26
3894,1761,1
3895,1855,2
3896,1728,79
3897,482,54
3898,296,46
3899,406,159
3900,93,39
3901,1199,22
3902,1817,53
3903,71,99
3904,1666,113
3905,494,30
3906,909,155
3907,1071,83
3908,24,13
3909,326,18
3910,50,99
3911,1145,2
3912,712,14
3913,1771,59
3914,1555,126
3915,1070,37
3916,1878,90
3917,1574,44
3918,1827,82
3919,1133,6
3920,1396,124
3921,932,3
3922,646,142
3923,1666,141
3924,1018,43
3925,319,134
3926,1264,125
3927,282,2
3928,116,52
3929,120,1
3930,293,13
3931,40,73
3932,476,43
3933,1249,116
3934,1059,101
3935,1635,31
3936,313,77
3937,435,180
3938,71,36
3939,1235,166
3940,389,6
3941,936,10
3942,1867,58
3943,350,3
3944,413,74
3945,548,2
3946,420,183
3947,213,21
3948,1109,7
3949,105,4
3950,1831,200
3951,1529,121
3952,1790,66
3953,1124,113
3954,40,52
3955,286,27
3956,1798,4
3957,476,22
3958,1552,13
3959,1028,9
3960,1369,145
3961,1648,158
3962,116,24
3963,1619,40
3964,1406,82
3965,1825,13
3966,1831,18
3967,1478,40
3968,1824,19
3969,1179,141
3970,899,29
3971,1401,2
3972,456,46
3973,923,2
3974,1124,1
3975,1095,33
3976,1191,63
3977,403,8
3978,1556,2
3979,314,111
3980,227,23
3981,960,9
3982,81,116
3983,614,11
3984,542,13
3985,1034,2
3986,1332,24
3987,1191,7
3988,1705,42
3989,1490,9
3990,1379,27
3991,1525,25
3992,1095,68
3993,1178,1
3994,17,17
3995,1216,45
3996,987,26
3997,872,44
3998,120,50
3999,372,65
4000,1042,58
4001,1334,176
4002,1743,3
4003,851,9
4004,1673,2
4005,939,3
4006,1526,3
4007,603,138
4008,380,187
4009,806,53
4010,539,18
4011,1025,56
4012,1196,55
4013,302,64
4014,1682,51
4015,952,59
4016,748,5
4017,337,20
4018,781,39
4019,62,75
4020,244,57
4021,493,28
4022,710,139
4023,378,174
4024,83,154
4025,465,32
4026,424,82
4027,621,74
4028,1570,17
4029,405,35
4030,1156,80
4031,1574,142
4032,673,6
4033,1736,37
4034,263,66
4035,860,88
4036,663,30
4037,119,39
4038,1755,64
4039,879,91
4040,1863,31
4041,948,113
4042,879,56
4043,1813,9
4044,1339,111
4045,475,14
4046,1310,71
4047,319,176
4048,331,4
4049,624,30
4050,1742,82
4051,111,47
4052,884,5
4053,1603,7
4054,525,23
4055,168,91
4056,959,7
4057,1622,54
4058,1733,12
4059,1271,1
4060,1916,74
4061,655,55
4062,621,53
4063,1693,34
4064,1633,18
4065,933,52
4066,542,90
4067,1016,111
4068,1249,60
4069,1437,11
4070,1749,4
4071,1057,82
4072,116,143
4073,518,10
4074,1179,1
4075,1042,93
4076,362,1
4077,820,91
4078,1511,28
4079,1435,35
4080,554,33
4081,319,8
4082,621,109
4083,1659,60
4084,620,36
4085,1516,41
4086,193,5
4087,1555,42
4088,1876,83
4089,1057,75
4090,1057,12
4091,873,20
4092,247,149
4093,936,115
4094,1499,8
4095,520,18
4096,432,30
4097,470,138
4098,1795,116
4099,1916,158
4100,1570,31
4101,1406,12
4102,1697,26
4103,650,103
4104,111,12
4105,1422,175
4106,1059,52
4107,1230,10
4108,1742,33
4109,259,56
4110,1992,6
4111,443,28
4112,934,2
4113,1413,18
4114,1422,21
4115,987,5
4116,1727,11
4117,1290,41
4118,763,2
4119,154,60
4120,966,8
4121,1178,8
4122,1413,116
4123,1310,176
4124,673,104
4125,421,62
4126,660,11
4127,1216,17
4128,1613,59
4129,1793,1
4130,1362,30
4131,1349,28
4132,1206,175
4133,1839,50
4134,1725,49
4135,1025,91
4136,380,152
4137,708,1
4138,1734,31
4139,1612,31
4140,1220,147
4141,1647,68
4142,1916,39
4143,276,4
4144,28,11
4145,128,81
4146,154,102
4147,987,19
4148,159,15
4149,299,13
4150,1192,7
4151,1644,4
4152,1179,36
4153,336,171
4154,380,19
4155,479,14
4156,1853,110
4157,798,3
4158,1830,85
4159,1726,10
4160,934,65
4161,199,147
4162,330,91
4163,1926,25
4164,1933,220
4165,1026,44
4166,907,111
4167,1564,121
4168,468,129
4169,678,26
4170,1311,7
4171,544,129
4172,1814,67
4173,1843,51
4174,1780,1
4175,745,28
4176,1893,62
4177,1525,130
4178,1281,152
4179,1370,32
4180,1155,109
4181,999,18
4182,691,12
4183,1703,43
4184,493,35
4185,762,30
4186,601,1
4187,40,80
4188,1815,59
4189,56,122
4190,1470,18
4191,1929,17
4192,777,35
4193,608,5
4194,1239,21
4195,1380,5
4196,1394,35
4197,190,38
4198,1140,195
4199,655,69
4200,1770,130
4201,1369,54
4202,1261,13
4203,937,13
4204,1644,102
4205,1238,7
4206,378,13
4207,316,30
4208,621,179
4209,824,31
4210,1490,2
4211,984,9
4212,1334,22
4213,1482,35
4214,1089,67
4215,1139,60
4216,527,169
4217,1834,58
4218,1931,41
4219,1703,64
4220,1940,87
4221,1199,1
4222,1216,66
4223,1094,78
4224,527,155
4225,302,148
4226,1666,15
4227,1196,174
4228,580,10
4229,1729,75
4230,1179,8
4231,576,5
4232,26,21
4233,604,92
4234,67,11
4235,446,4
4236,983,15
4237,124,10
4238,1728,86
4239,50,29
4240,420,134
4241,704,14
4242,1267,83
4243,851,23
4244,1059,31
4245,570,4
4246,489,46
4247,515,71
4248,1405,25
4249,1267,27
4250,1519,3
4251,1511,35
4252,312,101
4253,718,63
4254,1525,137
4255,1817,32
4256,320,2
4257,1471,2
4258,1047,12
4259,1098,7
4260,682,123
4261,1824,5
4262,604,1
4263,1915,4
4264,83,14
4265,754,33
4266,1668,62
4267,982,116
4268,68,55
4269,1705,21
4270,310,14
4271,599,1
4272,984,51
4273,1917,5
4274,198,4
4275,528,19
4276,742,88
4277,1370,179
4278,688,2
4279,1258,169
4280,1422,42
4281,380,166
4282,114,38
4283,755,7
4284,215,15
4285,374,23
4286,1105,104
4287,1156,143
4288,1250,33
4289,1361,7
4290,688,9
4291,1040,170
4292,1869,194
4293,1368,5
4294,1133,48
4295,276,32
4296,1273,70
4297,755,21
4298,1190,154
4299,1489,70
4300,991,173
4301,1432,64
4302,1350,62
4303,1926,88
4304,129,5
4305,1362,9
4306,878,26
4307,413,53
4308,1940,66
4309,512,115
4310,1133,111
4311,1735,23
4312,527,43
4313,302,57
4314,1894,5
4315,1128,33
4316,1025,70
4317,1397,63
4318,860,4
4319,1143,148
4320,1318,59
4321,728,35
4322,482,40
4323,1603,14
4324,832,3
4325,806,74
4326,1071,13
4327,279,59
4328,1273,154
4329,1510,27
4330,2000,15
4331,1755,43
4332,1749,102
4333,413,67
4334,432,37
4335,129,40
4336,649,6
4337,710,13
4338,40,59
4339,406,47
4340,26,7
4341,504,54
4342,263,10
4343,71,120
4344,690,43
4345,1946,34
4346,482,19
4347,879,126
4348,1432,148
4349,752,37
4350,474,6
4351,216,4
4352,1332,94
4353,1196,27
4354,1843,44
4355,1422,91
4356,315,154
4357,119,11
4358,1853,138
4359,1026,107
4360,1777,63
4361,244,8
4362,1028,2
4363,1846,13
4364,1725,91
4365,260,1
4366,668,139
4367,270,4
4368,302,29
4369,338,52
4370,56,101
4371,838,31
4372,1694,9
4373,1423,2
4374,1725,154
4375,93,32
4376,1971,14
4377,420,43
4378,1363,95
4379,771,11
4380,1908,4
4381,1933,17
4382,1812,166
4383,1178,50
4384,1446,24
4385,1749,67
4386,1008,9
4387,671,60
4388,879,14
4389,1705,119
4390,1703,120
4391,520,102
4392,323,4
4393,432,65
4394,1143,155
4395,1384,9
4396,61,90
4397,120,29
4398,351,84
4399,351,35
4400,68,125
4401,1830,113
4402,1636,12
4403,1750,1
4404,388,58
4405,988,54
4406,111,61
4407,61,132
4408,1226,48
4409,1250,117
4410,475,84
4411,789,106
4412,1851,13
4413,806,60
4414,1814,102
4415,1153,6
4416,380,159
4417,1070,2
4418,156,25
4419,1829,3
4420,71,22
4421,1380,61
4422,635,1
4423,894,142
4424,980,113
4425,1755,15
4426,1718,4
4427,368,3
4428,1728,16
4429,1007,44
4430,1423,30
4431,1179,148
4432,1506,8
4433,1349,147
4434,314,41
4435,622,96
4436,1780,232
4437,1610,97
4438,1775,14
4439,625,46
4440,322,113
4441,771,39
4442,870,53
4443,1725,7
4444,561,2
4445,1959,6
4446,322,15
4447,766,13
4448,1202,93
4449,106,13
4450,717,20
4451,71,64
4452,1543,30
4453,213,98
4454,650,47
4455,1413,102
4456,202,89
4457,621,151
4458,581,44
4459,1675,60
4460,1422,189
4461,1682,16
4462,1529,58
4463,256,16
4464,811,123
4465,1119,53
4466,999,60
4467,1021,33
4468,441,31
4469,520,116
4470,1682,79
4471,642,59
4472,1402,82
4473,1928,90
4474,1290,13
4475,1350,90
4476,581,51
4477,1478,68
4478,1179,64
4479,243,43
4480,909,8
4481,766,41
4482,1244,34
4483,1182,6
4484,382,145
4485,25,20
4486,395,7
4487,1370,4
4488,907,181
4489,156,109
4490,247,93
4491,612,9
4492,61,104
4493,1916,53
4494,1225,6
4495,282,219
4496,1369,47
4497,1827,61
4498,1363,74
4499,603,26
4500,1176,5
4501,1818,137
4502,1270,4
4503,627,118
4504,1770,53
4505,549,1
4506,1940,115
4507,1638,28
4508,358,129
4509,1940,108
4510,781,123
4511,1711,118
4512,1711,125
4513,626,1
4514,112,56
4515,493,49
4516,1158,125
4517,1846,34
4518,1401,30
4519,475,140
4520,1199,8
4521,1725,14
4522,1698,96
4523,91,32
4524,313,49
4525,1480,1
4526,1310,134
4527,475,112
4528,217,131
4529,821,32
4530,494,9
4531,468,213
4532,1191,203
4533,520,32
4534,24,90
4535,1128,12
4536,50,57
4537,671,116
4538,1787,6
4539,398,15
4540,120,57
4541,1867,86
4542,906,57
4543,1310,169
4544,80,52
4545,416,48
4546,1240,21
4547,1111,33
4548,895,1
4549,1755,169
4550,1111,61
4551,1218,74
4552,163,26
4553,1996,13
4554,1690,47
4555,984,2
4556,1899,146
4557,1555,14
4558,530,42
4559,382,19
4560,1692,101
4561,715,15
4562,1128,5
4563,1220,182
4564,468,45
4565,1119,67
4566,148,6
4567,1636,96
4568,970,12
4569,35,6
4570,766,20
4571,477,3
4572,24,76
4573,467,181
4574,56,185
4575,1273,21
4576,871,30
4577,507,93
4578,1422,14
4579,1700,3
4580,1359,28
4581,420,71
4582,1818,186
4583,897,63
4584,527,141
4585,609,34
4586,1635,45
4587,435,152
4588,1996,6
4589,1827,19
4590,953,4
4591,300,5
4592,934,30
4593,1120,4
4594,1528,165
4595,134,5
4596,115,173
4597,411,6
4598,1853,131
4599,1111,5
4600,71,71
4601,883,24
4602,129,173
4603,195,11
4604,1267,69
4605,1468,37
4606,862,35
4607,473,142
4608,1876,125
4609,312,108
4610,1976,34
4611,1759,1
4612,52,7
4613,624,2
4614,936,66
4615,1946,6
4616,1258,85
4617,152,34
4618,1564,86
4619,659,91
4620,387,58
4621,1089,46
4622,1302,90
4623,1842,2
4624,636,61
4625,1473,4
4626,690,29
4627,408,1
4628,1929,52
4629,1082,75
4630,1594,3
4631,810,121
4632,62,40
4633,1500,87
4634,1310,162
4635,168,147
4636,1814,46
4637,403,218
4638,340,32
4639,262,44
4640,753,185
4641,1556,37
4642,612,2
4643,1648,60
4644,820,21
4645,1786,10
4646,1692,45
4647,456,39
4648,207,36
4649,1108,2
4650,845,29
4651,1402,96
4652,753,143
4653,1186,7
4654,1704,42
4655,994,10
4656,1221,21
4657,93,53
4658,1634,199
4659,501,85
4660,1332,31
4661,1273,42
4662,199,140
4663,1560,5
4664,1359,7
4665,406,138
4666,382,82
4667,1992,174
4668,225,37
4669,263,136
4670,1555,217
4671,1657,55
4672,7,46
4673,710,34
4674,1140,6
4675,178,10
4676,1736,9
4677,1196,97
4678,1267,111
4679,1853,103
4680,1876,111
4681,943,39
4682,461,4
4683,1943,52
4684,148,27
4685,1579,2
4686,344,95
4687,1421,86
4688,1924,7
4689,1209,19
4690,1204,61
4691,939,115
4692,1926,18
4693,156,200
4694,214,28
4695,1725,98
4696,991,75
4697,206,137
4698,1462,8
4699,40,24
4700,420,190
4701,420,50
4702,430,59
4703,1186,175
4704,58,6
4705,879,21
4706,544,192
4707,74,34
4708,1906,11
4709,980,36
4710,213,14
4711,302,134
4712,420,204
4713,1423,58
4714,527,92
4715,1199,29
4716,613,61
4717,1839,134
4718,1879,7
4719,116,38
4720,1522,38
4721,1766,93
4722,1946,27
4723,485,4
4724,1843,2
4725,1843,16
4726,1931,6
4727,1705,35
4728,1619,19
4729,120,43
4730,1004,49
4731,1010,12
4732,13,20
4733,1462,71
4734,213,231
4735,1821,13
4736,1045,3
4737,1609,35
4738,618,46
4739,806,88
4740,427,3
4741,229,7
4742,71,8
4743,604,71
4744,943,11
4745,1267,139
4746,1525,81
4747,787,5
4748,1208,29
4749,1755,8
4750,247,100
4751,1948,3
4752,911,7
4753,338,108
4754,1225,118
4755,1728,51
4756,1071,6
4757,943,25
4758,74,13
4759,137,4
4760,1632,9
4761,329,15
4762,374,30
4763,1861,4
4764,982,60
4765,1769,2
4766,1640,106
4767,1428,8
4768,1692,80
4769,958,38
4770,1817,4
4771,1876,55
4772,1014,7
4773,420,148
4774,789,113
4775,646,51
4776,1427,8
4777,1022,145
4778,937,6
4779,1095,61
4780,1402,12
4781,1638,21
4782,1562,38
4783,1397,84
4784,176,145
4785,494,65
4786,1648,4
4787,912,61
4788,1334,113
4789,1440,6
4790,1105,6
4791,1156,66
4792,625,4
4793,91,60
4794,154,11
4795,1529,9
4796,1059,59
4797,263,17
4798,1462,106
4799,527,106
4800,1788,104
4801,621,172
4802,1711,90
4803,1016,41
4804,160,21
4805,475,98
4806,61,41
4807,1349,63
4808,604,64
4809,512,87
4810,650,110
4811,742,32
4812,1774,40
4813,882,44
4814,873,6
4815,1254,27
4816,1375,1
4817,1004,7
4818,469,7
4819,1022,12
4820,1780,36
4821,554,12
4822,50,106
4823,454,6
4824,240,48
4825,1404,30
4826,1771,31
4827,872,135
4828,1725,105
4829,952,192
4830,909,141
4831,1555,49
4832,112,203
4833,1016,90
4834,156,137
4835,168,175
4836,1940,73
4837,440,85
4838,1128,47
4839,380,103
4840,1525,39
4841,1827,54
4842,252,2
4843,1780,155
4844,897,35
4845,1984,94
4846,1571,90
4847,1120,151
4848,556,4
4849,1931,34
4850,1498,17
4851,906,29
4852,1250,5
4853,1883,12
4854,728,63
4855,403,197
4856,728,7
4857,1598,30
4858,789,183
4859,381,10
4860,1622,110
4861,1619,68
4862,1450,4
4863,915,15
4864,199,14
4865,67,109
4866,428,104
4867,1886,1
4868,129,110
4869,604,134
4870,435,68
4871,1781,7
4872,406,54
4873,1014,14
4874,1670,17
4875,475,56
4876,1634,129
4877,314,90
4878,621,158
4879,1818,74
4880,779,14
4881,40,31
4882,505,24
4883,1629,28
4884,1613,10
4885,592,5
4886,279,171
4887,180,32
4888,217,82
4889,1290,20
4890,1332,10
4891,710,97
4892,878,19
4893,1406,54
4894,263,143
4895,459,1
4896,695,170
4897,321,3
4898,1432,22
4899,432,114
4900,1196,209
4901,416,104
4902,1705,7
4903,241,79
4904,68,34
4905,35,104
4906,864,33
4907,1706,58
4908,933,94
4909,476,50
4910,1164,31
4911,1009,76
4912,82,9
4913,1267,97
4914,1208,8
4915,70,77
4916,1094,57
4917,1704,154
4918,1451,14
4919,592,82
4920,207,57
4921,839,9
4922,713,189
4923,1132,6
4924,476,127
4925,702,35
4926,1026,30
4927,1724,87
4928,1324,4
4929,420,120
4930,1869,131
4931,1218,67
4932,430,31
4933,1026,163
4934,1112,4
4935,24,69
4936,820,63
4937,319,57
4938,927,73
4939,421,97
4940,1916,200
4941,958,59
4942,1704,77
4943,605,2
4944,1548,28
4945,29,33
4946,1984,122
4947,1902,3
4948,1650,25
4949,82,2
4950,646,86
4951,680,33
4952,40,87
4953,1527,57
4954,1143,71
4955,1193,10
4956,557,33
4957,1439,20
4958,3,8
4959,1598,23
4960,1526,17
4961,538,121
4962,1528,95
4963,1325,32
4964,695,121
4965,1428,78
4966,1534,2
4967,1946,69
4968,851,142
4969,927,38
4970,380,124
4971,432,9
4972,637,69
4973,626,8
4974,1642,42
4975,1089,53
4976,1780,64
4977,1303,3
4978,678,47
4979,13,76
4980,939,87
4981,1087,63
4982,1339,20
4983,1267,20
4984,1361,28
4985,1346,2
4986,140,99
4987,1362,23
4988,1562,115
4989,378,6
4990,77,56
4991,668,83
4992,65,51
4993,1763,171
4994,618,172
4995,1725,112
4996,983,120
4997,1692,24
4998,1413,151
4999,1555,21
5000,618,151
5001,1728,65
5002,1795,4
5003,1613,87
5004,1220,70
5005,1808,3
5006,1213,100
5007,1428,92
5008,1531,169
5009,25,41
5010,1361,63
5011,1571,20
5012,548,37
5013,1567,11
5014,1655,149
5015,1828,102
5016,1825,160
5017,985,6
5018,1310,155
5019,1402,19
5020,864,180
5021,1728,2
5022,1846,62
5023,1806,20
5024,1744,12
5025,120,169
5026,1825,27
5027,1634,3
5028,1725,84
5029,356,27
5030,896,38
5031,570,39
5032,1709,42
5033,1363,207
5034,1220,28
5035,420,113
5036,974,9
5037,804,18
5038,1513,2
5039,455,8
5040,613,145
5041,1140,20
5042,974,2
5043,845,1
5044,316,2
5045,1846,216
5046,403,36
5047,1780,141
5048,1648,11
5049,1574,2
5050,1413,39
5051,428,76
5052,1780,134
5053,1825,34
5054,882,30
5055,913,1
5056,1664,9
5057,62,89
5058,263,94
5059,1267,118
5060,1766,79
5061,622,89
5062,1733,5
5063,326,53
5064,298,53
5065,1529,212
5066,742,46
5067,821,4
5068,430,3
5069,428,20
5070,1846,188
5071,647,35
5072,473,198
5073,1157,19
5074,1219,31
5075,884,40
5076,421,6
5077,1029,3
5078,312,3
5079,1149,12
5080,777,91
5081,1682,9
5082,833,76
5083,940,13
5084,1876,62
5085,372,51
5086,527,8
5087,1202,142
5088,166,2
5089,940,6
5090,1631,35
5091,1574,240
5092,520,123
5093,1369,12
5094,428,41
5095,1089,95
5096,154,179
5097,1277,36
5098,421,13
5099,1736,177
5100,936,59
5101,1390,2
5102,605,9
5103,473,9
5104,8,5
5105,1361,84
5106,1077,67
5107,413,25
5108,1698,5
5109,1748,67
5110,674,25
5111,1784,46
5112,1706,16
5113,1634,136
5114,378,62
5115,791,61
5116,1529,128
5117,1025,14
5118,1005,31
5119,40,17
5120,1071,76
5121,1249,18
5122,322,64
5123,1042,16
5124,432,93
5125,820,56
5126,1347,37
5127,1233,21
5128,128,60
5129,621,165
5130,1536,4
5131,939,143
5132,309,61
5133,1156,101
5134,1774,12
5135,43,1
5136,1528,53
5137,61,90
5138,29,5
5139,604,85
5140,1841,19
5141,374,86
5142,1900,4
5143,240,111
5144,731,74
5145,1814,137
5146,939,171
5147,1855,58
5148,1846,209
5149,1020,36
5150,1082,61
5151,851,149
5152,1432,36
5153,1745,30
5154,637,27
5155,1869,201
5156,1786,38
5157,1056,15
5158,1196,111
5159,1556,16
5160,1045,10
5161,1510,13
5162,18,59
5163,1202,128
5164,680,5
5165,252,135
5166,473,226
5167,1384,16
5168,1140,76
5169,1368,89
5170,416,167
5171,1326,12
5172,1391,16
5173,618,130
5174,302,120
5175,1562,3
5176,1190,49
5177,356,6
5178,1203,2
5179,1867,30
5180,1703,50
5181,1427,43
5182,913,57
5183,1413,144
5184,1187,4
5185,1328,31
5186,980,141
5187,789,120
5188,55,59
5189,1240,14
5190,1349,14
5191,1727,18
5192,1255,115
5193,62,96
5194,206,32
5195,351,28
5196,1120,130
5197,416,41
5198,1249,25
5199,958,45
5200,1592,64
5201,107,20
5202,974,23
5203,1770,11
5204,455,22
5205,71,1
5206,1812,40
5207,1090,1
5208,81,4
5209,912,54
5210,1705,147
5211,1788,76
5212,1105,13
5213,1529,191
5214,1683,13
5215,1855,30
5216,999,11
5217,1023,34
5218,330,56
5219,1510,48
5220,1025,49
5221,1347,65
5222,1838,11
5223,1127,90
5224,326,11
5225,413,179
5226,1766,58
5227,1179,204
5228,338,87
5229,1784,165
5230,1390,177
5231,1846,20
5232,729,18
5233,1029,73
5234,1777,28
5235,1867,128
5236,28,39
5237,1082,26
5238,358,10
5239,1704,203
5240,620,15
5241,1310,148
5242,1578,33
5243,1369,103
5244,67,4
5245,382,194
5246,1587,176
5247,1160,25
5248,1862,145
5249,1525,32
5250,696,7
5251,7,74
5252,1587,50
5253,432,16
5254,1432,106
5255,830,21
5256,1831,11
5257,570,11
5258,129,19
5259,1569,13
5260,637,153
5261,2000,8
5262,1770,18
5263,1005,122
5264,40,45
5265,655,62
5266,68,69
5267,1220,21
5268,1774,26
5269,936,73
5270,905,32
5271,495,175
5272,1361,56
5273,154,123
5274,1697,5
5275,1478,75
5276,1938,12
5277,943,4
5278,1283,3
5279,1397,28
5280,557,89
5281,40,66
5282,710,27
5283,1460,5
5284,1161,117
5285,77,7
5286,1929,80
5287,340,60
5288,1670,31
5289,569,46
5290,1838,32
5291,1692,66
5292,1347,9
5293,431,17
5294,408,64
5295,212,9
5296,1682,100
5297,769,5
5298,62,47
5299,771,18
5300,1450,11
5301,1634,206
5302,630,41
5303,1555,35
5304,622,54
5305,68,41
5306,1191,154
5307,441,80
5308,687,70
5309,1444,12
5310,116,31
5311,234,7
5312,1984,31
5313,712,7
5314,878,40
5315,152,6
5316,141,6
5317,1457,4
5318,1027,10
5319,1795,88
5320,1931,20
5321,1428,134
5322,637,188
5323,1754,1
5324,1167,91
5325,1648,95
5326,1287,1
5327,198,11
5328,1654,17
5329,1089,81
5330,495,91
5331,1397,133
5332,1370,25
5333,648,21
5334,1422,84
5335,659,77
5336,1422,35
5337,1980,6
5338,1411,3
5339,1394,42
5340,1194,35
5341,106,132
5342,1561,3
5343,1916,123
5344,1839,71
5345,1026,37
5346,502,2
5347,1576,3
5348,1775,7
5349,475,105
5350,1692,206
5351,81,60
5352,1319,60
5353,1621,3
5354,85,3
5355,834,45
5356,742,102
5357,1281,75
5358,1672,10
5359,374,9
5360,1122,17
5361,1992,62
5362,216,11
5363,1258,57
5364,687,7
5365,1146,59
5366,909,99
5367,1646,31
5368,1694,72
5369,894,114
5370,1069,1
5371,1359,56
5372,95,18
5373,1837,9
5374,180,18
5375,326,109
5376,1765,10
5377,330,28
5378,878,75
5379,1631,7
5380,1548,49
5381,1220,154
5382,833,13
5383,1728,37
5384,1350,34
5385,850,10
5386,1924,49
5387,61,13
5388,984,30
5389,1221,7
5390,1005,94
5391,1264,97
5392,777,63
5393,753,157
5394,612,44
5395,895,15
5396,1026,100
5397,563,85
5398,237,39
5399,753,87
5400,1156,122
5401,1532,55
5402,397,13
5403,1182,34
5404,338,38
5405,1610,209
5406,282,51
5407,338,157
5408,1698,61
5409,1899,13
5410,338,45
5411,792,30
5412,1571,55
5413,530,14
5414,896,10
5415,987,145
5416,713,175
5417,1443,16
5418,659,49
5419,1365,79
5420,1132,34
5421,244,99
5422,1784,4
5423,62,19
5424,1926,144
5425,1015,7
5426,1031,10
5427,1220,49
5428,1334,29
5429,860,116
5430,157,14
5431,1837,142
5432,445,29
5433,557,26
5434,1179,99
5435,481,2
5436,1284,23
5437,1647,12
5438,1940,52
5439,1016,104
5440,249,127
5441,368,24
5442,1427,36
5443,1655,2
5444,622,47
5445,537,4
5446,920,2
5447,1289,15
5448,1755,1
5449,1334,57
5450,543,133
5451,1834,2
5452,1733,47
5453,275,65
5454,180,4
5455,1303,24
5456,569,11
5457,206,60
5458,303,7
5459,1164,3
5460,936,192
5461,9,178
5462,156,67
5463,1806,55
5464,495,119
5465,163,47
5466,1631,161
5467,948,106
5468,840,22
5469,1428,106
5470,1144,25
5471,1422,154
5472,61,27
5473,1089,109
5474,1091,6
5475,156,74
5476,914,21
5477,1830,1
5478,1112,32
5479,338,31
5480,527,29
5481,1314,3
5482,302,78
5483,26,49
5484,456,25
5485,494,51
5486,1276,7
5487,1528,67
5488,1869,173
5489,1586,3
5490,520,4
5491,67,53
5492,905,4
5493,908,88
5494,1537,9
5495,1361,70
5496,604,50
5497,1005,52
5498,475,154
5499,1622,5
5500,1310,43
5501,111,19
5502,1661,6
5503,9,31
5504,737,1
5505,1644,81
5506,225,149
5507,1462,64
5508,1209,12
5509,1864,14
5510,1671,6
5511,673,139
5512,1413,53
5513,1363,144
5514,528,26
5515,878,54
5516,1480,15
5517,1711,160
5518,1514,5
5519,1152,7
5520,936,24
5521,383,1
5522,1659,32
5523,320,65
5524,804,11
5525,432,51
5526,637,76
5527,141,13
5528,1157,12
5529,1368,208
5530,1725,147
5531,1082,68
5532,826,74
5533,1095,5
5534,765,114
5535,1743,45
5536,1565,6
5537,1974,7
5538,1611,117
5539,476,78
5540,1422,119
5541,61,41
5542,710,20
5543,1089,74
5544,878,103
5545,1402,5
5546,520,88
5547,1179,127
5548,1529,72
5549,1367,141
5550,1708,145
5551,1085,15
5552,618,102
5553,621,11
5554,1827,47
5555,1143,43
5556,805,15
5557,592,152
5558,1722,3
5559,41,5
5560,1264,34
5561,530,21
5562,128,18
5563,111,26
5564,1724,31
5565,811,109
5566,636,5
5567,1997,6
5568,1094,1
5569,1743,38
5570,1880,227
5571,528,12
5572,178,59
5573,190,94
5574,40,38
5575,964,27
5576,314,27
5577,1421,2
5578,319,155
5579,905,18
5580,858,1
5581,820,14
5582,401,16
5583,168,35
5584,1704,14
5585,1745,58
5586,1524,144
5587,1664,37
5588,896,24
5589,1443,9
5590,380,96
5591,1550,1
5592,1968,16
5593,648,7
5594,1642,91
5595,857,31
5596,558,5
5597,853,5
5598,1655,44
5599,637,20
5600,913,197
5601,1779,33
5602,1071,48
5603,1859,7
5604,927,171
5605,115,33
5606,1007,51
5607,1250,89
5608,1379,6
5609,882,2
5610,1596,5
5611,1692,31
5612,1571,62
5613,487,43
5614,1786,17
5615,1657,41
5616,1018,78
5617,1057,33
5618,424,61
5619,1933,10
5620,520,53
5621,1812,54
5622,1661,13
5623,217,103
5624,1907,6
5625,1111,117
5626,476,64
5627,1634,87
5628,1362,51
5629,1522,3
5630,290,6
5631,1108,51
5632,1267,13
5633,1264,6
5634,1088,66
5635,26,28
5636,268,7
5637,1192,77
5638,896,52
5639,528,33
5640,673,132
5641,1361,98
5642,1634,17
5643,1334,15
5644,782,7
5645,56,45
5646,154,172
5647,984,58
5648,1525,11
5649,935,8
5650,358,87
5651,465,39
5652,504,187
5653,543,98
5654,1867,2
5655,298,4
5656,833,6
5657,1711,97
5658,1688,4
5659,1332,3
5660,1144,67
5661,1570,3
5662,974,16
5663,1587,15
5664,1363,4
5665,1244,48
5666,95,46
5667,673,111
5668,651,1
5669,1030,40
5670,240,6
5671,408,155
5672,1121,5
5673,1049,122
5674,266,34
5675,319,106
5676,1646,38
5677,56,94
5678,1693,6
5679,1893,55
5680,110,5
5681,1397,56
5682,1186,35
5683,1728,9
5684,1596,19
5685,247,58
5686,1919,146
5687,1179,29
5688,473,170
5689,338,171
5690,1366,5
5691,494,16
5692,358,199
5693,1532,6
5694,1974,63
5695,24,6
5696,424,5
5697,1029,66
5698,1640,127
5699,1619,5
5700,1726,59
5701,403,141
5702,1619,54
5703,1743,52
5704,1026,23
5705,1940,157
5706,1432,71
5707,1043,69
5708,1094,92
5709,1837,156
5710,1917,12
5711,1530,35
5712,1733,19
5713,753,10
5714,656,13
5715,1954,1
5716,762,16
5717,154,39
5718,1729,110
5719,191,8
5720,1207,4
5721,617,20
5722,1756,7
5723,301,23
5724,769,19
5725,476,57
5726,1157,5
5727,1339,76
5728,313,21
5729,1918,25
5730,1194,7
5731,1413,25
5732,1384,23
5733,301,16
5734,1133,20
5735,112,49
5736,1432,29
5737,120,8
5738,1675,4
5739,164,15
5740,673,27
5741,421,69
5742,1940,24
5743,883,3
5744,234,84
5745,60,11
5746,1213,2
5747,677,5
5748,1468,58
5749,1734,38
5750,667,32
5751,622,40
5752,1555,210
5753,1020,15
5754,1178,15
5755,1734,24
5756,305,32
5757,1062,116
5758,1753,34
5759,475,161
5760,372,30
5761,227,2
5762,1705,14
5763,1131,66
5764,690,15
5765,1597,11
5766,960,2
5767,1018,64
5768,1468,30
5769,1422,210
5770,601,1
5771,935,1
5772,620,85
5773,684,33
5774,512,38
5775,1016,55
5776,1524,172
5777,1846,118
5778,704,7
5779,1961,5
5780,1294,1
5781,833,48
5782,9,80
5783,1177,2
5784,25,13
5785,244,50
5786,367,38
5787,1938,5
5788,494,86
5789,601,8
5790,489,39
5791,225,93
5792,1711,48
5793,1797,6
5794,394,5
5795,1971,21
5796,1531,1
5797,1971,7
5798,1179,92
5799,1867,93
5800,1966,31
5801,70,28
5802,717,209
5803,315,98
5804,341,3
5805,1631,77
5806,291,31
5807,120,99
5808,603,5
5809,494,219
5810,280,15
5811,1578,19
5812,1008,58
5813,1196,76
5814,1056,8
5815,1682,23
5816,1267,55
5817,755,14
5818,766,132
5819,1089,39
5820,1711,174
5821,920,9
5822,1451,7
5823,1843,9
5824,178,17
5825,1853,68
5826,372,23
5827,1646,45
5828,544,38
5829,674,123
5830,61,76
5831,1091,13
5832,912,82
5833,1919,34
5834,773,1
5835,560,9
5836,199,84
5837,791,5
5838,1841,61
5839,692,18
5840,1705,28
5841,671,4
5842,1321,6
5843,683,17
5844,60,32
5845,1846,76
5846,679,42
5847,406,19
5848,713,7
5849,752,9
5850,1206,119
5851,584,27
5852,242,1
5853,952,199
5854,1839,85
5855,237,32
5856,1525,95
5857,1087,35
5858,427,24
5859,410,94
5860,644,12
5861,1014,105
5862,319,141
5863,1439,41
5864,301,9
5865,1190,161
5866,533,13
5867,1427,15
5868,1018,99
5869,1362,2
5870,1085,57
5871,945,13
5872,1432,99
5873,1205,8
5874,1774,75
5875,1145,58
5876,1016,48
5877,1021,5
5878,286,90
5879,213,28
5880,160,28
5881,1943,3
5882,82,23
5883,1357,56
5884,1788,41
5885,1527,29
5886,1095,12
5887,999,53
5888,766,83
5889,1931,13
5890,871,2
5891,1645,8
5892,448,11
5893,1725,42
5894,781,53
5895,418,36
5896,125,10
5897,244,127
5898,1705,56
5899,1422,140
5900,326,25
5901,1220,161
5902,1202,86
5903,407,3
5904,991,89
5905,314,125
5906,710,69
5907,1535,1
5908,61,62
5909,893,4
5910,1873,15
5911,1578,12
5912,1703,92
5913,1668,6
5914,1742,26
5915,1062,60
5916,1622,68
5917,630,6
5918,107,6
5919,538,9
5920,1815,3
5921,13,34
5922,380,12
5923,762,23
5924,31,1
5925,1272,7
5926,637,97
5927,441,3
5928,1529,2
5929,966,1
5930,352,1
5931,1760,12
5932,1092,88
5933,1908,11
5934,1528,46
5935,1289,22
5936,1760,26
5937,973,147
5938,980,78
5939,344,11
5940,587,10
5941,618,67
5942,774,25
5943,621,60
5944,351,70
5945,1018,8
5946,424,12
5947,909,120
5948,1057,54
5949,1202,191
5950,1851,6
5951,84,7
5952,1824,26
5953,475,70
5954,1780,169
5955,314,76
5956,1611,5
5957,544,87
5958,542,27
5959,1771,87
5960,670,8
5961,330,14
5962,618,214
5963,374,93
5964,13,48
5965,17,10
5966,120,15
5967,95,4
5968,286,13
5969,1370,221
5970,1883,68
5971,486,12
5972,247,121
5973,1478,12
5974,337,13
5975,1511,7
5976,1504,29
5977,604,43
5978,656,6
5979,1682,37
5980,988,19
5981,212,2
5982,659,7
5983,811,25
5984,1191,105
5985,35,27
5986,286,55
5987,229,42
5988,1567,18
5989,811,67
5990,101,75
5991,241,2
5992,999,4
5993,1094,204
5994,1704,56
5995,1530,119
5996,413,60
5997,143,56
5998,420,162
5999,1007,2
6000,1139,25
6001,156,88
6002,1984,3
6003,1784,81
6004,106,20
6005,696,35
6006,1355,19
6007,1123,32
6008,441,80
6009,1711,146
6010,1692,17
6011,1733,40
6012,1578,138
6013,1139,186
6014,520,46
6015,47,2
6016,1095,26
6017,1611,89
6018,1596,40
6019,1526,10
6020,429,3
6021,1571,6
6022,391,28
6023,280,8
6024,1128,19
6025,1795,60
6026,1202,65
6027,1805,69
6028,1196,118
6029,1769,9
6030,217,166
6031,291,87
6032,2000,29
6033,421,48
6034,913,141
6035,754,5
6036,1092,4
6037,980,8
6038,1899,55
6039,1525,102
6040,322,50
6041,752,44
6042,247,128
6043,602,7
6044,659,21
6045,295,21
6046,1026,149
6047,646,58
6048,1283,59
6049,569,32
6050,1354,61
6051,1593,43
6052,1158,55
6053,473,16
6054,286,6
6055,872,79
6056,1692,52
6057,1191,14
6058,1288,23
6059,410,17
6060,243,50
6061,1004,147
6062,319,15
6063,1332,66
6064,985,174
6065,326,4
6066,998,58
6067,1787,34
6068,120,78
6069,633,3
6070,1344,2
6071,1883,61
6072,1132,146
6073,1933,136
6074,504,47
6075,695,177
6076,598,12
6077,1273,126
6078,637,118
6079,210,17
6080,642,3
6081,1413,165
6082,336,87
6083,1633,18
6084,1828,130
6085,527,57
6086,129,12
6087,1062,39
6088,190,122
6089,1043,48
6090,1735,2
6091,1766,128
6092,873,34
6093,1886,8
6094,424,47
6095,654,119
6096,470,131
6097,1635,3
6098,207,8
6099,1478,89
6100,1255,38
6101,991,68
6102,382,110
6103,1742,12
6104,1428,1
6105,388,198
6106,1670,10
6107,405,7
6108,482,5
6109,1088,3
6110,811,46
6111,1828,4
6112,1256,23
6113,7,32
6114,1529,219
6115,1156,150
6116,1648,53
6117,525,16
6118,508,162
6119,1708,33
6120,1468,135
6121,1968,149
6122,420,78
6123,1709,63
6124,206,4
6125,358,108
6126,527,85
6127,659,84
6128,778,35
6129,995,7
6130,338,10
6131,1478,82
6132,527,162
6133,702,7
6134,489,4
6135,1202,37
6136,1876,6
6137,621,207
6138,1990,4
6139,1085,36
6140,465,4
6141,129,180
6142,1780,204
6143,1564,2
6144,1079,63
6145,1078,148
6146,1642,21
6147,743,47
6148,858,29
6149,1133,104
6150,1119,25
6151,1466,30
6152,1867,51
6153,1745,16
6154,1504,1
6155,975,88
6156,1777,21
6157,1775,21
6158,1220,203
6159,501,141
6160,1693,146
6161,1928,83
6162,1062,32
6163,1179,225
6164,367,3
6165,1284,2
6166,156,158
6167,584,48
6168,50,43
6169,1613,143
6170,607,1
6171,1682,65
6172,1812,19
6173,1190,7
6174,244,85
6175,1009,69
6176,1235,96
6177,1404,2
6178,1218,95
6179,1929,3
6180,129,33
6181,1806,97
6182,319,1
6183,92,10
6184,621,242
6185,527,99
6186,70,7
6187,123,17
6188,1549,63
6189,1406,19
6190,1555,28
6191,68,90
6192,1335,45
6193,1759,8
6194,1143,15
6195,83,98
6196,413,81
6197,1631,21
6198,612,30
6199,1370,88
6200,1678,2
6201,710,146
6202,1770,81
6203,1846,132
6204,1370,60
6205,1050,4
6206,621,95
6207,112,84
6208,1057,68
6209,1904,3
6210,217,173
6211,1711,41
6212,1574,93
6213,128,116
6214,1824,89
6215,56,108
6216,771,53
6217,247,2
6218,28,18
6219,61,174
6220,550,1
6221,1766,163
6222,302,8
6223,778,70
6224,659,35
6225,505,10
6226,738,60
6227,189,4
6228,109,3
6229,65,79
6230,1023,6
6231,899,1
6232,621,102
6233,1815,17
6234,528,47
6235,60,4
6236,62,26
6237,3,1
6238,1839,8
6239,1824,33
6240,486,103
6241,376,1
6242,1782,1
6243,350,115
6244,1690,61
6245,1876,76
6246,1853,75
6247,618,74
6248,1179,190
6249,1250,61
6250,1155,67
6251,470,12
6252,1355,12
6253,991,5
6254,1501,70
6255,505,45
6256,1564,37
6257,1057,19
6258,1593,57
6259,896,45
6260,420,15
6261,956,143
6262,1876,181
6263,413,151
6264,1323,6
6265,157,7
6266,1326,26
6267,1763,87
6268,732,48
6269,300,26
6270,1824,47
6271,1394,49
6272,420,197
6273,438,2
6274,1834,72
6275,1640,85
6276,952,10
6277,895,22
6278,1555,182
6279,1043,13
6280,1346,142
6281,420,169
6282,1226,6
6283,621,39
6284,1095,124
6285,120,155
6286,1323,20
6287,1872,56
6288,979,62
6289,1261,76
6290,1725,119
6291,569,53
6292,550,29
6293,882,65
6294,80,3
6295,1007,9
6296,913,225
6297,1363,172
6298,1359,49
6299,1501,21
6300,1332,192
6301,1725,140
6302,1257,4
6303,62,54
6304,1333,33
6305,1467,4
6306,668,6
6307,1059,80
6308,787,33
6309,441,101
6310,1179,120
6311,486,40
6312,1755,85
6313,673,41
6314,1774,5
6315,1132,62
6316,1695,4
6317,1059,115
6318,475,189
6319,1704,7
6320,1812,145
6321,336,3
6322,493,21
6323,70,14
6324,1255,31
6325,1220,84
6326,621,130
6327,1737,8
6328,61,132
6329,1529,65
6330,1698,19
6331,362,22
6332,1468,72
6333,1018,1
6334,116,73
6335,980,29
6336,543,35
6337,1375,8
6338,1928,6
6339,1968,44
6340,206,18
6341,1025,119
6342,650,12
6343,1156,199
6344,1705,133
6345,1654,31
6346,1587,225
6347,112,119
6348,84,147
6349,1078,169
6350,655,90
6351,1427,29
6352,1856,1
6353,1879,224
6354,83,70
6355,302,92
6356,416,55
6357,420,155
6358,1427,64
6359,766,90
6360,487,22
6361,1692,3
6362,1413,158
6363,1632,23
6364,561,9
6365,1027,3
6366,60,39
6367,1029,17
6368,397,6
6369,1357,21
6370,1705,154
6371,139,141
6372,87,21
6373,380,26
6374,1199,29
6375,527,134
6376,637,111
6377,120,36
6378,1219,108
6379,207,15
6380,762,2
6381,1397,70
6382,1179,78
6383,1711,111
6384,1111,145
6385,1846,181
6386,781,32
6387,156,81
6388,512,66
6389,1029,143
6390,1206,7
6391,1118,5
6392,1220,175
6393,1169,7
6394,1578,68
6395,475,119
6396,180,81
6397,673,76
6398,1682,58
6399,58,90
6400,266,6
6401,1525,18
6402,1429,35
6403,679,35
6404,1737,1
6405,1349,203
6406,1841,82
6407,1035,24
6408,1230,3
6409,1843,37
6410,1029,24
6411,1766,23
6412,1429,14
6413,1928,20
6414,1161,33
6415,753,122
6416,1555,91
6417,631,18
6418,1335,10
6419,1790,199
6420,380,138
6421,398,29
6422,1048,12
6423,1202,135
6424,1966,59
6425,1536,18
6426,1057,61
6427,569,81
6428,1213,44
6429,1780,15
6430,403,29
6431,413,158
6432,961,28
6433,1123,4
6434,1191,77
6435,81,137
6436,1062,53
6437,1749,88
6438,1047,68
6439,1008,23
6440,1107,2
6441,956,3
6442,1849,4
6443,1640,64
6444,991,33
6445,886,82
6446,24,41
6447,1427,92
6448,493,98
6449,1647,26
6450,1818,207
6451,376,57
6452,1641,4
6453,1642,98
6454,1869,117
6455,1381,2
6456,1070,16
6457,1179,50
6458,1057,26
6459,68,167
6460,1534,9
6461,1362,128
6462,475,28
6463,648,14
6464,1812,5
6465,1510,6
6466,731,32
6467,1333,5
6468,810,114
6469,120,71
6470,1808,31
6471,1279,102
6472,1867,219
6473,1422,56
6474,1655,93
6475,1831,39
6476,1267,167
6477,1598,93
6478,894,2
6479,1273,63
6480,580,3
6481,948,8
6482,1220,7
6483,120,106
6484,1631,70
6485,1026,86
6486,1434,114
6487,195,4
6488,56,66
6489,1406,103
6490,1175,4
6491,907,48
6492,1009,41
6493,646,93
6494,515,57
6495,1231,1
6496,156,151
6497,501,113
6498,564,17
6499,179,85
6500,229,77
6501,1170,3
6502,1791,2
6503,1724,73
6504,604,8
6505,1143,8
6506,457,98
6507,621,144
6508,1613,38
6509,1279,4
6510,1122,129
6511,1831,32
6512,128,95
6513,214,14
6514,769,33
6515,806,32
6516,1123,102
6517,1870,24
6518,1843,58
6519,156,144
6520,637,167
6521,1587,148
6522,1157,33
6523,1737,29
6524,563,43
6525,1711,34
6526,1525,4
6527,592,40
6528,1682,93
6529,1026,142
