code_numeric,fhpolrigaug,lrgdpch,laborshare,lpop,socialist,medage,year
1,NA,NA,NA,NA,0,NA,1960
1,NA,NA,NA,NA,0,NA,1965
1,0.5,NA,NA,NA,0,NA,1970
1,NA,NA,NA,NA,0,NA,1975
1,NA,NA,NA,NA,0,NA,1980
1,NA,NA,NA,NA,0,NA,1985
1,NA,NA,NA,NA,0,NA,1990
1,1,NA,NA,NA,0,NA,1995
1,1,NA,NA,4.204693,0,NA,2000
2,0.14,NA,NA,9.211939,0,18.4,1960
2,0.23,NA,NA,9.316051,0,18.3,1965
2,0.5,NA,NA,9.430038,0,18.1,1970
2,0,NA,NA,9.549523,0,18,1975
2,0,NA,NA,9.677214,0,18,1980
2,0,NA,NA,9.667164,0,17.9,1985
2,0,NA,NA,9.780493,0,17.9,1990
2,0,NA,NA,9.995604,0,18,1995
2,0,NA,NA,10.18678,0,18.1,2000
3,NA,7.812518,NA,8.479699,0,19.1,1960
3,0.12,7.963571,NA,8.552561,0,18.9,1965
3,NA,8.11033,NA,8.628377,0,18.6,1970
3,0.1666667,7.642973,NA,8.730206,0,18.2,1975
3,0,7.563512,NA,8.862484,0,17.7,1980
3,0,7.528483,NA,9.033364,0,17.2,1985
3,0,7.57377,NA,9.166389,0,16.8,1990
3,0.1666667,7.132994,NA,9.336003,0,16.6,1995
3,0.1666667,NA,NA,9.48296,0,16.3,2000
4,0.2,NA,NA,7.382124,1,19.7,1960
4,0.18,NA,NA,7.533694,1,19,1965
4,0,NA,NA,7.66669,1,18.8,1970
4,0,NA,NA,7.784057,1,19.5,1975
4,0,NA,NA,7.890208,1,21.3,1980
4,0,NA,NA,7.99193,1,22.5,1985
4,0,NA,NA,8.094684,1,23.8,1990
4,0.6666667,7.947575,NA,8.066208,1,25.1,1995
4,0.5,8.1156,NA,8.050065,1,26.7,2000
5,NA,NA,NA,4.49981,0,18.2,1960
5,NA,NA,NA,4.787492,0,20.7,1965
5,0,NA,NA,5.393628,0,22.9,1970
5,0.1666667,NA,0.4309477,6.224558,0,25.4,1975
5,0.3333333,NA,NA,6.949856,0,26.1,1980
5,0.3333333,NA,NA,7.229114,0,27.1,1985
5,0.1666667,NA,NA,7.519692,0,27.9,1990
5,0.1666667,NA,NA,7.758334,0,27.2,1995
5,0.1666667,NA,NA,7.974216,0,29.6,2000
6,0.63,8.905374,0.2713755,9.933823,0,26.8,1960
6,0.53,9.01616,NA,10.01158,0,27.2,1965
6,0.1666667,9.13399,0.320524,10.08422,0,27.4,1970
6,0.8333333,9.20284,0.198948,10.16774,0,27.3,1975
6,0.1666667,9.271142,0.1957906,10.24331,0,27.2,1980
6,0.8333333,9.065316,0.1852767,10.31907,0,27.2,1985
6,1,8.884429,NA,10.38983,0,27.2,1990
6,0.8333333,9.236609,NA,10.45645,0,27.4,1995
6,1,9.306237,NA,10.51954,0,27.9,2000
7,NA,NA,NA,7.534228,1,22.5,1960
7,NA,NA,NA,7.702105,1,20.8,1965
7,NA,NA,NA,7.832014,1,20.4,1970
7,NA,NA,NA,7.946618,1,21.9,1975
7,NA,NA,NA,8.037867,1,23.5,1980
7,NA,NA,NA,8.113426,1,25.2,1985
7,NA,NA,NA,8.173293,1,27,1990
7,0.5,7.735623,NA,8.108924,1,28.7,1995
7,0.5,7.934454,NA,8.043021,1,30.7,2000
8,NA,NA,NA,3.998201,0,NA,1960
8,NA,NA,NA,4.082441,0,NA,1965
8,NA,NA,NA,4.187379,0,NA,1970
8,NA,NA,NA,4.143135,0,NA,1975
8,NA,8.995663,NA,4.110874,0,NA,1980
8,0.8333333,9.256453,NA,4.127134,0,NA,1985
8,0.6666667,9.47458,NA,4.158883,0,NA,1990
8,0.5,9.431346,NA,4.177153,0,NA,1995
8,0.5,9.722494,NA,4.219508,0,NA,2000
9,1,9.277876,0.5176172,9.237469,0,29.6,1960
9,1,9.420744,0.5134989,9.340316,0,28.3,1965
9,1,9.603759,0.5442176,9.434044,0,27.6,1970
9,1,9.657485,0.5442806,9.539141,0,28,1975
9,1,9.748026,0.5330667,9.595058,0,29.4,1980
9,1,9.820157,0.4268549,9.665104,0,30.6,1985
9,1,9.906652,0.3536574,9.744791,0,32.2,1990
9,1,10.01196,NA,9.80162,0,33.7,1995
9,1,10.14875,NA,9.861728,0,35.2,2000
10,0.97,8.900677,0.4775884,8.860499,0,35.4,1960
10,0.97,9.080444,0.4728916,8.889446,0,35,1965
10,1,9.321485,0.5173746,8.912743,0,33.9,1970
10,1,9.49425,0.5762346,8.930098,0,33.8,1975
10,1,9.666615,0.5532086,8.9297,0,34.7,1980
10,1,9.726995,0.5242237,8.929965,0,35.2,1985
10,1,9.894085,0.5367209,8.952308,0,35.6,1990
10,1,9.953502,NA,8.993054,0,36.4,1995
10,1,10.07224,NA,9.000883,0,38.3,2000
11,NA,NA,NA,8.266421,1,22.6,1960
11,NA,NA,NA,8.427268,1,19.6,1965
11,NA,NA,NA,8.551015,1,18.2,1970
11,NA,NA,NA,8.64629,1,19.1,1975
11,NA,NA,NA,8.726806,1,21.1,1980
11,NA,NA,NA,8.805225,1,22.8,1985
11,NA,NA,NA,8.876125,1,23.2,1990
11,0.1666667,7.683833,NA,8.947025,1,24.3,1995
11,0.1666667,7.936543,NA,8.993303,1,25.6,2000
12,NA,NA,NA,NA,0,NA,1960
12,NA,NA,NA,NA,0,NA,1965
12,NA,NA,NA,NA,0,NA,1970
12,NA,NA,NA,NA,0,NA,1975
12,NA,NA,NA,NA,0,NA,1980
12,NA,NA,NA,NA,0,NA,1985
12,NA,NA,NA,NA,0,NA,1990
12,NA,NA,NA,NA,0,NA,1995
12,NA,NA,NA,NA,0,NA,2000
13,NA,NA,NA,NA,0,NA,1960
13,NA,NA,NA,NA,0,NA,1965
13,NA,NA,NA,NA,0,NA,1970
13,NA,NA,NA,NA,0,NA,1975
13,NA,NA,NA,NA,0,NA,1980
13,NA,NA,NA,NA,0,NA,1985
13,NA,NA,NA,NA,0,NA,1990
13,NA,NA,NA,NA,0,NA,1995
13,NA,NA,NA,NA,0,NA,2000
14,0.31,6.283445,NA,7.986505,0,18,1960
14,0.58,6.400949,NA,8.074961,0,17.5,1965
14,0,6.743066,0.2657666,8.164511,0,17.4,1970
14,0,6.644792,0.1580803,8.210668,0,17,1975
14,0,6.623969,0.181053,8.326033,0,17.3,1980
14,0,6.609796,0.1750481,8.464004,0,17.7,1985
14,0,6.719303,NA,8.604471,0,17.3,1990
14,0.1666667,6.541517,NA,8.725183,0,16.3,1995
14,0.1666667,6.25998,NA,8.825706,0,15.8,2000
15,1,8.95908,0.504463,9.118115,0,35.2,1960
15,1,9.188131,0.4791776,9.153559,0,34.7,1965
15,1,9.404516,0.4653485,9.173469,0,34.5,1970
15,1,9.550781,0.4891019,9.189628,0,34.1,1975
15,1,9.700546,0.4812134,9.194922,0,34.2,1980
15,1,9.737533,0.3894584,9.196038,0,35.3,1985
15,1,9.897312,0.420909,9.207075,0,36.3,1990
15,1,9.948232,NA,9.223927,0,37.5,1995
15,1,10.07665,NA,9.235229,0,39.1,2000
16,0.55,6.972244,NA,7.712891,0,20.2,1960
16,0.25,7.013138,NA,7.795647,0,18.4,1965
16,0,6.997882,NA,7.902857,0,17.1,1970
16,0,6.887999,0.2527462,8.021585,0,17.7,1975
16,0,6.907778,NA,8.148735,0,17.2,1980
16,0,7.066224,NA,8.298041,0,16.6,1985
16,0.1666667,6.90776,NA,8.457443,0,16,1990
16,0.8333333,6.971512,NA,8.611048,0,16,1995
16,0.8333333,7.101663,NA,8.743851,0,16.6,2000
17,0.14,6.626073,NA,8.440312,0,18.4,1960
17,0.07,6.438499,NA,8.537584,0,17.8,1965
17,0.6666667,6.50586,0.1110584,8.636397,0,16.8,1970
17,0.1666667,6.581646,0.2186069,8.732627,0,15.8,1975
17,0.1666667,6.639576,0.1825083,8.848222,0,15.4,1980
17,0,6.71311,NA,8.97221,0,15.3,1985
17,0.1666667,6.739776,NA,9.091557,0,15.5,1990
17,0.3333333,6.770059,NA,9.20914,0,15.5,1995
17,0.5,6.863626,NA,9.330255,0,15.5,2000
18,NA,6.963459,NA,10.85128,0,19.2,1960
18,NA,6.993114,NA,10.9768,0,18,1965
18,0.8333333,7.007203,0.3297141,11.10464,0,17.4,1970
18,0,6.870495,0.3218813,11.23308,0,17.4,1975
18,0.6666667,6.880692,0.2775897,11.35555,0,17.8,1980
18,0.3333333,7.060115,0.3298554,11.48336,0,18.1,1985
18,0.3333333,7.153151,NA,11.60846,0,18.6,1990
18,0.6666667,7.291024,NA,11.69633,0,19.2,1995
18,0.6666667,7.428857,NA,11.78333,0,20,2000
19,0.23,NA,NA,8.970432,1,30.4,1960
19,0.37,NA,NA,9.012012,1,32,1965
19,0,NA,NA,9.046644,1,33.2,1970
19,0,NA,NA,9.073489,1,34,1975
19,0,NA,NA,9.089528,1,34.2,1980
19,0,NA,NA,9.098403,1,35.7,1985
19,0.6666667,NA,NA,9.073145,1,36.3,1990
19,0.8333333,8.818811,NA,9.035987,1,38,1995
19,0.8333333,8.663001,NA,9.002701,1,39.1,2000
20,NA,NA,NA,5.003946,0,18.5,1960
20,NA,NA,NA,5.204007,0,14.7,1965
20,0.1666667,NA,NA,5.347107,0,16.9,1970
20,0.1666667,NA,NA,5.568345,0,17.7,1975
20,0.3333333,NA,NA,5.811141,0,22.3,1980
20,0.3333333,NA,NA,6.052089,0,25.9,1985
20,0.1666667,NA,NA,6.22059,0,25.9,1990
20,0.1666667,NA,NA,6.357842,0,26.1,1995
20,0,NA,NA,6.474388,0,26.9,2000
21,NA,NA,NA,4.727388,0,19.3,1960
21,NA,NA,NA,4.934474,0,18.6,1965
21,NA,NA,NA,5.141664,0,18.7,1970
21,1,NA,0.6057144,5.241747,0,19.3,1975
21,1,NA,0.3675544,5.347107,0,19.7,1980
21,0.8333333,NA,0.4503851,5.446737,0,21.4,1985
21,0.8333333,NA,NA,5.544396,0,23.2,1990
21,1,NA,NA,5.627621,0,24.6,1995
21,1,NA,NA,5.720312,0,26.1,2000
22,NA,NA,NA,8.083328,1,21.7,1960
22,NA,NA,NA,8.158516,1,21.5,1965
22,NA,NA,NA,8.216899,1,22.6,1970
22,NA,NA,NA,8.289037,1,24,1975
22,NA,NA,NA,8.316789,1,25.9,1980
22,NA,NA,NA,8.370085,1,28,1985
22,NA,NA,NA,8.40066,1,30,1990
22,0.1666667,NA,NA,8.137396,1,32.4,1995
22,0.3333333,NA,NA,8.288283,1,35.1,2000
23,NA,NA,NA,9.011645,1,28.2,1960
23,NA,NA,NA,9.060679,1,28.8,1965
23,NA,NA,NA,9.109414,1,30.1,1970
23,NA,NA,NA,9.144948,1,30.5,1975
23,NA,NA,NA,9.173987,1,31.3,1980
23,NA,NA,NA,9.207837,1,31.9,1985
23,NA,9.103862,NA,9.229064,1,33.2,1990
23,0.3333333,8.616843,NA,9.229554,1,34.8,1995
23,0.1666667,9.03808,NA,9.21084,1,36.5,2000
24,NA,NA,NA,4.511409,0,17.6,1960
24,NA,NA,NA,4.679721,0,16.5,1965
24,NA,NA,NA,4.787242,0,16.3,1970
24,NA,NA,NA,4.857251,0,16.2,1975
24,NA,8.448585,NA,4.983607,0,16.6,1980
24,1,8.390313,NA,5.113492,0,17,1985
24,1,8.638631,NA,5.243333,0,17.6,1990
24,1,8.735215,NA,5.313206,0,18.5,1995
24,1,8.79349,NA,5.480639,0,19.8,2000
25,0.6,7.763807,NA,8.117014,0,18.7,1960
25,0.36,7.898943,NA,8.228977,0,18.5,1965
25,0.3333333,7.823202,0.3512867,8.345693,0,18.4,1970
25,0.1666667,7.980182,0.2650216,8.467793,0,18.4,1975
25,0,8.023971,0.3052399,8.585786,0,18.6,1980
25,0.8333333,7.840896,0.1511034,8.68186,0,18.9,1985
25,0.8333333,7.802203,NA,8.790726,0,19.2,1990
25,0.8333333,7.868782,NA,8.911125,0,19.6,1995
25,1,7.909896,NA,9.027463,0,20.1,2000
26,0.91,7.771254,0.2570271,11.19467,0,18.6,1960
26,0.61,7.952501,0.1658272,11.34247,0,18.2,1965
26,0.3333333,8.194207,0.2249611,11.47198,0,18.6,1970
26,0.5,8.54979,0.2095222,11.59104,0,19.4,1975
26,0.5,8.760891,0.2063416,11.70862,0,20.3,1980
26,0.6666667,8.724344,0.2039144,11.81453,0,21.4,1985
26,0.8333333,8.735161,NA,11.90468,0,22.6,1990
26,0.8333333,8.819525,NA,11.97968,0,23.9,1995
26,0.6666667,8.880447,NA,12.04414,0,25.4,2000
27,NA,8.130892,NA,5.441118,0,22.3,1960
27,1,8.374012,NA,5.460436,0,20.6,1965
27,1,8.706109,0.4870301,5.4773,0,21.2,1970
27,1,9.018889,0.5263337,5.503704,0,23.7,1975
27,1,9.230895,0.6584628,5.517854,0,24.4,1980
27,1,9.247156,0.6869502,5.53339,0,26.3,1985
27,1,9.509151,0.7384419,5.552959,0,28.4,1990
27,1,9.524599,NA,5.576706,0,30.4,1995
27,1,9.705969,NA,5.587249,0,32.6,2000
28,NA,NA,NA,4.406719,0,19.4,1960
28,NA,NA,NA,4.634729,0,17.6,1965
28,0.1666667,NA,NA,4.867535,0,18.4,1970
28,0.1666667,NA,NA,5.081404,0,19.8,1975
28,0.1666667,NA,NA,5.26269,0,20.4,1980
28,0.1666667,NA,NA,5.407172,0,21.4,1985
28,0.1666667,NA,NA,5.549076,0,23.4,1990
28,0,NA,NA,5.693732,0,24.1,1995
28,0,NA,NA,5.823046,0,25,2000
29,NA,NA,NA,5.895779,0,20,1960
29,NA,NA,NA,5.951735,0,19.9,1965
29,0.5,NA,NA,6.012639,0,19.6,1970
29,0.5,NA,NA,6.083269,0,19.4,1975
29,0.3333333,NA,NA,6.19007,0,19.3,1980
29,0.3333333,NA,NA,6.28888,0,19.2,1985
29,0.1666667,NA,NA,6.397113,0,19,1990
29,0,NA,NA,6.544113,0,17.9,1995
29,0,NA,NA,6.690842,0,18.3,2000
30,NA,6.864856,NA,6.173786,0,15.9,1960
30,NA,6.888062,NA,6.308463,0,15.3,1965
30,0.6666667,7.08392,0.2962391,6.456769,0,15.1,1970
30,0.8333333,7.704757,0.3814571,6.632002,0,15.2,1975
30,0.8333333,8.141397,0.3895154,6.809039,0,15.4,1980
30,0.8333333,8.322673,0.3486808,6.985642,0,15.8,1985
30,1,8.598033,NA,7.151485,0,16.8,1990
30,0.8333333,8.680874,NA,7.309882,0,18,1995
30,0.8333333,NA,NA,7.423568,0,19.1,2000
31,0.65,7.685929,NA,7.335634,0,21.1,1960
31,0.34,7.661548,NA,7.424762,0,20.5,1965
31,0,7.714268,0.2858601,7.5224,0,19.8,1970
31,0,7.544977,0.3906677,7.629004,0,19.3,1975
31,0,7.493813,0.5616046,7.746301,0,19,1980
31,0,7.350046,0.455169,7.882692,0,19,1985
31,0.1666667,7.231359,0.3575428,7.987864,0,18.5,1990
31,0.6666667,6.997157,NA,8.11582,0,18.4,1995
31,0.6666667,NA,NA,8.220673,0,18.3,2000
32,1,9.247975,0.5004504,9.793058,0,26.4,1960
32,1,9.429002,0.5069515,9.887257,0,25.5,1965
32,1,9.554069,0.479002,9.967588,0,25.9,1970
32,1,9.719351,0.4776652,10.0523,0,27.4,1975
32,1,9.851376,0.471002,10.11022,0,29.2,1980
32,1,9.937892,0.4364161,10.16362,0,31,1985
32,1,10.01457,0.4669485,10.23247,0,32.9,1990
32,1,10.04093,NA,10.28718,0,34.8,1995
32,1,10.20005,NA,10.33429,0,36.9,2000
33,1,9.614354,NA,8.587092,0,32.5,1960
33,1,9.781814,NA,8.675222,0,31.6,1965
33,1,9.933574,NA,8.743053,0,31.9,1970
33,1,9.923444,NA,8.764834,0,33.1,1975
33,1,10.01333,NA,8.751316,0,34.8,1980
33,1,10.05375,NA,8.774931,0,36.2,1985
33,1,10.17087,NA,8.811652,0,36.4,1990
33,1,10.1079,NA,8.859506,0,38.1,1995
33,1,10.18164,NA,8.879055,0,40.2,2000
34,1,8.256587,0.247961,8.936955,0,20.8,1960
34,0.97,8.318665,0.1956914,9.056256,0,20.3,1965
34,1,8.475132,0.1391019,9.158626,0,20.4,1970
34,0,8.336102,0.180744,9.243484,0,21.2,1975
34,0.1666667,8.59636,0.1626224,9.318926,0,22.6,1980
34,0.1666667,8.514451,0.148833,9.396571,0,24.1,1985
34,0.8333333,8.723846,0.1808964,9.480291,0,25.6,1990
34,0.8333333,9.046407,NA,9.561729,0,27,1995
34,0.8333333,9.202866,NA,9.629794,0,28.3,2000
35,0.23,6.524397,NA,13.41065,0,21.8,1960
35,0.16,6.643185,NA,13.4803,0,20.4,1965
35,0,6.702918,NA,13.615,0,19.7,1970
35,0,6.810732,NA,13.7282,0,20.6,1975
35,0.1666667,6.974238,0.1567371,13.79657,0,22.1,1980
35,0.1666667,7.29593,NA,13.86529,0,23.8,1985
35,0,7.48804,NA,13.94231,0,25.3,1990
35,0,7.943825,NA,14.00187,0,27.6,1995
35,0,8.22879,NA,14.04857,0,30,2000
36,0.43,7.395059,NA,8.237215,0,18.1,1960
36,0.41,7.517912,0.2425708,8.417815,0,17.5,1965
36,0.1666667,7.779274,0.2617835,8.615227,0,17.5,1970
36,0.1666667,7.91229,0.2994878,8.818038,0,17.4,1975
36,0.1666667,7.834884,NA,9.011157,0,17.4,1980
36,0.1666667,7.750678,NA,9.198066,0,17.2,1985
36,0.1666667,7.660792,NA,9.375854,0,17,1990
36,0.1666667,7.564293,NA,9.538204,0,17.4,1995
36,0.1666667,7.533251,NA,9.681156,0,18.1,2000
37,0.73,7.426562,NA,8.574707,0,20,1960
37,0.56,7.43674,NA,8.679652,0,19.7,1965
37,0.1666667,7.365277,0.3259742,8.797398,0,19.1,1970
37,0.1666667,7.550082,0.3813516,8.928243,0,18.5,1975
37,0.1666667,7.662082,0.3115495,9.073833,0,17.9,1980
37,0.1666667,7.935494,0.4714843,9.214631,0,17.5,1985
37,0.1666667,7.725914,NA,9.359966,0,17.4,1990
37,0,7.525447,NA,9.493487,0,17.6,1995
37,0,7.62151,NA,9.607505,0,18.1,2000
38,0.71,6.200138,NA,6.895683,0,19.3,1960
38,0.46,6.680865,0.3363029,7.013016,0,18.8,1965
38,0,6.83407,0.4432348,7.141245,0,18.2,1970
38,0.3333333,7.08902,NA,7.277248,0,17.6,1975
38,0,7.354609,0.472422,7.41998,0,17.2,1980
38,0,7.680787,0.4340582,7.562161,0,17.1,1985
38,0.1666667,7.646156,NA,7.709757,0,17,1990
38,0.5,7.473289,NA,7.86442,0,16.9,1995
38,0.1666667,7.500045,NA,8.01235,0,16.7,2000
39,0.7,7.83598,0.253684,9.732521,0,16.9,1960
39,0.71,7.917769,0.2330371,9.882826,0,16.6,1965
39,0.8333333,8.058127,0.2123069,10.02398,0,16.9,1970
39,0.8333333,8.220092,0.2089988,10.14176,0,17.9,1975
39,0.8333333,8.369085,0.204328,10.2558,0,18.9,1980
39,0.8333333,8.377017,0.1469268,10.36278,0,20.2,1985
39,0.6666667,8.504004,0.1471844,10.46225,0,21.7,1990
39,0.5,8.608838,NA,10.55992,0,22.9,1995
39,0.5,8.591086,NA,10.65253,0,24,2000
40,NA,7.563939,NA,NA,0,17.6,1960
40,NA,7.698801,NA,NA,0,17.2,1965
40,NA,7.763431,NA,NA,0,16.6,1970
40,0.3333333,7.773191,NA,NA,0,16.1,1975
40,0.5,7.63765,NA,5.81413,0,16,1980
40,0.1666667,7.723227,NA,5.937536,0,15.9,1985
40,0.3333333,7.676051,NA,6.068426,0,16.4,1990
40,0.5,7.417264,NA,6.198479,0,17.1,1995
40,0.1666667,7.363977,NA,6.324359,0,18,2000
41,NA,6.902211,NA,5.278115,0,19.7,1960
41,NA,6.851697,NA,5.433722,0,17.5,1965
41,NA,7.234652,NA,5.587249,0,16.1,1970
41,0.3333333,7.070885,NA,5.627621,0,16.3,1975
41,0.1666667,7.571468,NA,5.666427,0,16.5,1980
41,0.1666667,7.835604,NA,5.736572,0,16.9,1985
41,0.3333333,7.976821,NA,5.833055,0,16.6,1990
41,1,8.063305,NA,5.945421,0,17.1,1995
41,1,8.300804,NA,6.074909,0,18.5,2000
42,0.91,8.153575,0.2669897,7.065613,0,18,1960
42,0.9,8.222897,0.2336004,7.267525,0,16.9,1965
42,1,8.33831,NA,7.459915,0,17.4,1970
42,1,8.483473,NA,7.584773,0,18.7,1975
42,1,8.597603,0.3386631,7.733684,0,20,1980
42,1,8.443103,0.3641866,7.879292,0,21.4,1985
42,1,8.503364,NA,8.022569,0,22.5,1990
42,1,8.581841,NA,8.140316,0,23.5,1995
42,1,8.677622,NA,8.245384,0,24.5,2000
43,0.14,NA,NA,8.851521,0,23.4,1960
43,0.05,NA,NA,8.955964,0,22.7,1965
43,0,NA,NA,9.050172,0,22.3,1970
43,0,NA,NA,9.138414,0,22.7,1975
43,0.1666667,NA,NA,9.180912,0,24.2,1980
43,0.1666667,8.840083,NA,9.221775,0,25.7,1985
43,0,8.80514,NA,9.270965,0,27.8,1990
43,0,8.534362,NA,9.302373,0,30.2,1995
43,0,NA,NA,9.322598,0,33,2000
44,0.86,7.997364,0.3227957,6.350886,0,23,1960
44,0.87,8.290691,0.3865559,6.36647,0,23.3,1965
44,0.8333333,8.570662,0.3881594,6.421622,0,25.9,1970
44,0.5,8.415262,0.3669118,6.413459,0,27.1,1975
44,0.6666667,8.957566,0.4711309,6.415097,0,28.7,1980
44,1,9.16623,0.4557158,6.473891,0,29.3,1985
44,1,9.465647,0.4811111,6.523562,0,30.9,1990
44,1,9.68425,NA,6.59578,0,31.9,1995
44,1,NA,NA,6.629363,0,33.4,2000
45,NA,NA,NA,9.164715,1,32.8,1960
45,NA,NA,NA,9.187481,1,33.4,1965
45,NA,NA,NA,9.187583,1,33.5,1970
45,NA,NA,NA,9.216323,1,32.6,1975
45,NA,NA,NA,9.233275,1,33,1980
45,NA,NA,NA,9.243292,1,34,1985
45,NA,9.516825,NA,9.245997,1,35.2,1990
45,1,9.465741,NA,9.242905,1,36.2,1995
45,1,9.522665,NA,9.237304,1,37.6,2000
46,0.22,NA,NA,9.514016,1,NA,1960
46,0.2,NA,NA,9.557303,1,NA,1965
46,0,NA,NA,9.568259,1,NA,1970
46,0,NA,NA,9.602335,1,NA,1975
46,0,NA,NA,9.630122,1,NA,1980
46,0,NA,NA,9.650387,1,NA,1985
46,0.8333333,NA,NA,9.65797,1,NA,1990
46,NA,NA,NA,9.661077,1,NA,1995
46,NA,NA,NA,9.659778,1,NA,2000
47,NA,NA,NA,11.19374,0,34.7,1960
47,NA,NA,NA,11.23373,0,34.4,1965
47,NA,9.427697,NA,11.26085,0,34.3,1970
47,NA,9.505297,NA,11.27313,0,35.4,1975
47,NA,9.6754,NA,11.26834,0,36.4,1980
47,NA,9.754589,NA,11.26058,0,37.1,1985
47,1,9.881375,NA,11.28267,0,37.7,1990
47,1,9.953698,NA,11.3101,0,38.4,1995
47,1,10.03695,NA,11.31703,0,39.9,2000
48,0.2,NA,NA,NA,1,NA,1960
48,0.18,NA,NA,NA,1,NA,1965
48,0,NA,NA,NA,1,NA,1970
48,0,NA,NA,NA,1,NA,1975
48,0,NA,NA,NA,1,NA,1980
48,0,NA,NA,NA,1,NA,1985
48,NA,NA,NA,NA,1,NA,1990
48,NA,NA,NA,NA,1,NA,1995
48,NA,NA,NA,NA,1,NA,2000
49,0.88,NA,NA,NA,0,NA,1960
49,0.89,NA,NA,NA,0,NA,1965
49,1,NA,NA,NA,0,NA,1970
49,1,NA,NA,NA,0,NA,1975
49,1,NA,NA,NA,0,NA,1980
49,1,NA,NA,NA,0,NA,1985
49,NA,NA,NA,NA,0,NA,1990
49,NA,NA,NA,NA,0,NA,1995
49,NA,NA,NA,NA,0,NA,2000
50,NA,NA,NA,4.41884,0,17.4,1960
50,NA,NA,NA,4.736198,0,17.5,1965
50,NA,NA,NA,5.043425,0,17.4,1970
50,NA,NA,NA,5.347107,0,17.3,1975
50,0.6666667,NA,NA,5.703783,0,17.6,1980
50,0.1666667,NA,NA,5.869297,0,17.9,1985
50,0.1666667,NA,NA,6.152733,0,18.2,1990
50,0.3333333,NA,NA,6.363028,0,18.4,1995
50,0.5,NA,NA,6.448889,0,18.3,2000
51,NA,NA,NA,4.099332,0,NA,1960
51,NA,NA,NA,4.166665,0,NA,1965
51,NA,NA,NA,4.225373,0,NA,1970
51,NA,NA,NA,4.261271,0,NA,1975
51,0.8333333,8.126091,NA,4.295242,0,NA,1980
51,0.8333333,8.471012,NA,4.298101,0,NA,1985
51,0.8333333,8.676472,NA,4.280271,0,NA,1990
51,1,8.789487,NA,4.29046,0,NA,1995
51,1,8.906344,NA,4.276666,0,NA,2000
52,1,9.304565,0.5752713,8.429672,0,33,1960
52,1,9.532278,0.5477003,8.467583,0,32.8,1965
52,1,9.682693,0.6193676,8.502892,0,32.5,1970
52,1,9.717537,0.6168017,8.529121,0,33,1975
52,1,9.814511,0.5566534,8.541495,0,34.3,1980
52,1,9.913645,0.5527889,8.539737,0,36,1985
52,1,9.989904,0.5808782,8.544808,0,37.1,1990
52,1,10.07164,NA,8.561784,0,37.7,1995
52,1,10.18898,NA,8.582981,0,38.7,2000
53,0.21,7.435221,0.5106381,8.080547,0,16.7,1960
53,0.39,7.44714,0.3867526,8.244334,0,16.2,1965
53,0.6666667,7.609761,0.282246,8.394573,0,16.3,1970
53,0.5,7.854886,0.2459207,8.526748,0,17.1,1975
53,0.8333333,7.978275,0.2417521,8.647344,0,18.2,1980
53,1,8.036067,NA,8.770439,0,19.4,1985
53,0.8333333,8.058249,NA,8.862342,0,20.4,1990
53,0.5,8.221441,NA,8.948586,0,21.8,1995
53,0.8333333,8.569816,NA,9.032767,0,23.1,2000
54,NA,7.8876,NA,9.287301,0,18.2,1960
54,0.27,8.104171,0.4408546,9.386225,0,16.7,1965
54,0.1666667,8.141255,0.4817547,9.528503,0,15.8,1970
54,0,8.206531,0.5132669,9.681468,0,16.2,1975
54,0.1666667,8.469116,0.5427818,9.834629,0,16.6,1980
54,0.1666667,8.612084,0.5532384,9.993282,0,17.7,1985
54,0.5,8.510196,NA,10.12751,0,18.5,1990
54,0.1666667,8.43754,NA,10.2421,0,19.7,1995
54,0.1666667,8.496084,NA,10.3217,0,21.7,2000
55,0.84,7.602719,0.2901879,8.398185,0,18.5,1960
55,0.45,7.652979,0.2641515,8.545587,0,17.8,1965
55,0,7.737057,0.2592714,8.694502,0,17.6,1970
55,0,8.160672,0.2312303,8.840291,0,17.9,1975
55,0.8333333,8.352687,0.3698543,8.98231,0,18.4,1980
55,0.8333333,8.276384,0.3304108,9.11592,0,19.1,1985
55,0.8333333,8.235887,0.3817386,9.236398,0,20.1,1990
55,0.8333333,8.264271,NA,9.346618,0,21.4,1995
55,0.6666667,8.151236,NA,9.445096,0,22.7,2000
56,0.37,7.298231,0.4842565,10.16285,0,19.1,1960
56,0.39,7.471501,0.535599,10.28838,0,18.3,1965
56,0.1666667,7.585579,0.4564555,10.40587,0,18.9,1970
56,0.1666667,7.43298,0.544825,10.49927,0,19.1,1975
56,0.3333333,7.793143,0.5959941,10.61827,0,19.2,1980
56,0.5,7.925966,0.3609217,10.74744,0,19,1985
56,0.3333333,8.084625,0.2903152,10.86746,0,19.3,1990
56,0.1666667,8.190038,NA,10.9713,0,20.1,1995
56,0.1666667,8.339016,NA,11.06626,0,21.3,2000
57,NA,NA,NA,7.258412,0,17.6,1960
57,NA,NA,NA,7.382746,0,17.7,1965
57,NA,NA,NA,7.512618,0,17.7,1970
57,NA,NA,NA,7.644441,0,17.6,1975
57,NA,NA,NA,7.775696,0,17.8,1980
57,NA,NA,NA,7.901377,0,17.3,1985
57,NA,NA,NA,8.05166,0,17,1990
57,0.1666667,NA,NA,8.18144,0,16.8,1995
57,0,NA,NA,8.31801,0,16.9,2000
58,0.11,8.441745,0.4464621,10.32401,0,29.6,1960
58,0.1,8.850598,0.5032479,10.37527,0,30.1,1965
58,0.3333333,9.11336,0.5146067,10.42759,0,30.2,1970
58,0.3333333,9.32349,0.4438666,10.47771,0,29.7,1975
58,0.8333333,9.350207,0.4195096,10.52905,0,30.3,1980
58,1,9.373483,0.3833293,10.55602,0,31.9,1985
58,1,9.58033,NA,10.5671,0,33.9,1990
58,1,9.699554,NA,10.57669,0,35.6,1995
58,1,9.800728,NA,10.60905,0,37.4,2000
59,NA,NA,NA,7.103322,1,32,1960
59,NA,NA,NA,7.163172,1,32.9,1965
59,NA,NA,NA,7.21891,1,33.7,1970
59,NA,NA,NA,7.266828,1,34.1,1975
59,NA,NA,NA,7.297768,1,33.9,1980
59,NA,NA,NA,7.332369,1,34,1985
59,NA,NA,NA,7.358194,1,34.1,1990
59,0.8333333,8.923179,NA,7.270313,1,36.6,1995
59,1,9.168336,NA,7.222201,1,37.9,2000
60,NA,NA,NA,10.03324,0,17.7,1960
60,NA,NA,0.2731861,10.14286,0,17.7,1965
60,NA,NA,0.2344634,10.27288,0,17.6,1970
60,NA,NA,0.226705,10.40287,0,17.4,1975
60,NA,NA,0.197306,10.53787,0,17.3,1980
60,NA,NA,0.1935042,10.67706,0,17.3,1985
60,NA,NA,NA,10.8431,0,17.1,1990
60,0.5,6.269395,NA,10.94253,0,17,1995
60,0.3333333,6.452979,NA,11.07128,0,16.9,2000
61,0.31,6.266719,NA,10.09374,0,NA,1960
61,0.13,6.351094,0.2731861,10.20422,0,NA,1965
61,0.3333333,6.409465,0.2344634,10.33423,0,NA,1970
61,0,6.438396,0.226705,10.46433,0,NA,1975
61,0,6.463727,0.197306,10.59911,0,NA,1980
61,0,6.229138,0.1935042,10.7375,0,NA,1985
61,0,6.352316,NA,10.90263,0,NA,1990
61,NA,NA,NA,11.00383,0,NA,1995
61,NA,NA,NA,11.13305,0,NA,2000
62,NA,NA,NA,NA,0,NA,1960
62,NA,NA,NA,NA,0,NA,1965
62,NA,NA,NA,NA,0,NA,1970
62,NA,NA,NA,NA,0,NA,1975
62,NA,NA,NA,NA,0,NA,1980
62,NA,NA,NA,NA,0,NA,1985
62,NA,NA,NA,NA,0,NA,1990
62,NA,NA,NA,NA,0,NA,1995
62,NA,NA,NA,NA,0,NA,2000
63,0.97,8.921469,0.5077482,8.396154,0,28.2,1960
63,0.97,9.128719,0.4614142,8.425955,0,28.5,1965
63,0.8333333,9.3424,0.4609727,8.435115,0,29.6,1970
63,0.8333333,9.541437,0.4429211,8.457656,0,30.7,1975
63,0.8333333,9.651776,0.4346441,8.472196,0,32.8,1980
63,0.8333333,9.763481,0.4327072,8.497398,0,34.7,1985
63,1,9.91692,0.4739979,8.514389,0,36.4,1990
63,1,9.84103,NA,8.538563,0,37.8,1995
63,1,10.07711,NA,8.551015,0,39.4,2000
64,NA,7.91746,NA,5.976351,0,16,1960
64,NA,7.900438,0.3554565,6.139884,0,16.5,1965
64,0.8333333,8.141119,0.3939604,6.253829,0,17.8,1970
64,0.8333333,8.310014,0.4703039,6.356108,0,19,1975
64,0.8333333,8.43384,0.5544454,6.452049,0,19.8,1980
64,0.8333333,8.373541,0.4562214,6.546785,0,20.5,1985
64,0.1666667,8.47295,0.4630673,6.60123,0,21.3,1990
64,0.5,8.562225,NA,6.64639,0,22,1995
64,0.1666667,NA,NA,6.699377,0,23.1,2000
65,0.9,8.965018,NA,10.7295,0,33,1960
65,0.91,9.192188,NA,10.79462,0,32.7,1965
65,1,9.420286,NA,10.8351,0,32.3,1970
65,1,9.545926,0.6441504,10.87235,0,31.6,1975
65,1,9.693839,0.6845472,10.89452,0,32.5,1980
65,1,9.755048,0.5873787,10.91817,0,33.7,1985
65,1,9.904653,NA,10.94615,0,34.7,1990
65,1,9.909256,NA,10.9655,0,36.2,1995
65,1,10.01493,NA,10.98348,0,37.6,2000
66,0.63,8.015266,NA,6.186209,0,27.4,1960
66,0.45,8.600772,NA,6.204558,0,26.7,1965
66,0.1666667,8.833056,NA,6.222576,0,25.7,1970
66,0.1666667,8.955916,NA,6.385194,0,23.3,1975
66,0.1666667,9.111508,NA,6.539586,0,21.5,1980
66,0.1666667,8.861986,NA,6.688354,0,19.9,1985
66,0.5,9.111217,NA,6.840547,0,18.8,1990
66,0.3333333,9.095333,NA,6.982863,0,18.5,1995
66,0.3333333,9.036213,NA,7.114769,0,18.9,2000
67,0.99,9.177211,0.5269871,10.86615,0,35.4,1960
67,0.99,9.294972,0.5120257,10.9032,0,34.8,1965
67,1,9.399695,0.4777301,10.92651,0,33.7,1970
67,1,9.485318,0.4590974,10.93713,0,33.9,1975
67,1,9.569088,0.4391622,10.93898,0,34.6,1980
67,1,9.667117,0.4046265,10.94526,0,35.3,1985
67,1,9.815904,0.435149,10.9606,0,36.5,1990
67,1,9.883865,NA,10.9725,0,37,1995
67,1,10.00738,NA,10.98054,0,37.7,2000
68,NA,NA,NA,NA,0,NA,1960
68,NA,NA,NA,NA,0,NA,1965
68,NA,NA,NA,NA,0,NA,1970
68,NA,NA,NA,NA,0,NA,1975
68,NA,NA,NA,NA,0,NA,1980
68,NA,NA,NA,NA,0,NA,1985
68,NA,NA,NA,NA,0,NA,1990
68,NA,NA,NA,NA,0,NA,1995
68,NA,NA,NA,NA,0,NA,2000
69,NA,NA,NA,8.33327,1,27.8,1960
69,NA,NA,NA,8.406485,1,28,1965
69,NA,NA,NA,8.457019,1,28.8,1970
69,NA,NA,NA,8.498622,1,28.3,1975
69,NA,NA,NA,8.531688,1,29.1,1980
69,NA,NA,NA,8.573007,1,30,1985
69,NA,NA,NA,8.605223,1,31.2,1990
69,0.5,NA,NA,8.585226,1,32.9,1995
69,0.5,8.498297,NA,8.568267,1,34.8,2000
70,0.57,6.764173,0.2638169,8.820847,0,17.2,1960
70,0.24,6.712244,0.239841,8.96559,0,17.1,1965
70,0.1666667,7.156179,0.2035556,9.060912,0,17.1,1970
70,0,7.078761,0.2014034,9.193092,0,17,1975
70,0.8333333,7.09344,0.153642,9.281731,0,16.9,1980
70,0,7.028491,NA,9.443038,0,16.7,1985
70,0.1666667,7.074324,NA,9.624964,0,17.1,1990
70,0.5,7.149208,NA,9.758288,0,17.8,1995
70,0.8333333,7.208454,NA,9.868171,0,18.8,2000
71,NA,7.921682,NA,8.050703,0,17.9,1960
71,0.37,7.944034,NA,8.157084,0,17.5,1965
71,0,7.732884,NA,8.268732,0,17.4,1970
71,0,7.788236,NA,8.330623,0,17.5,1975
71,0,7.86262,NA,8.403129,0,17.3,1980
71,0,7.728806,NA,8.51459,0,17.1,1985
71,0.1666667,7.7977,NA,8.657825,0,17.1,1990
71,0.1666667,7.873855,NA,8.79346,0,17.4,1995
71,0.1666667,7.948218,NA,8.911261,0,17.6,2000
72,NA,6.805074,NA,5.863631,0,19.9,1960
72,NA,6.976129,NA,6.001415,0,19.9,1965
72,0.8333333,7.01445,NA,6.139884,0,19.6,1970
72,0.8333333,7.120737,0.470386,6.306275,0,19.3,1975
72,0.8333333,7.144153,NA,6.463029,0,18.9,1980
72,0.6666667,7.234966,NA,6.622736,0,18.6,1985
72,0.8333333,7.131224,NA,6.833032,0,18.7,1990
72,0,6.970135,NA,7.01661,0,19.1,1995
72,0,7.104079,NA,7.172425,0,19.4,2000
73,NA,6.056391,NA,6.322565,0,21.4,1960
73,NA,6.208751,NA,6.33328,0,20.8,1965
73,NA,5.8041,NA,6.368187,0,19.9,1970
73,0.1666667,6.414782,NA,6.453625,0,19,1975
73,0.1666667,6.103621,NA,6.637258,0,18.2,1980
73,0.1666667,6.294609,NA,6.739336,0,17.6,1985
73,0.1666667,6.47857,NA,6.852242,0,17.3,1990
73,0.6666667,6.662519,NA,6.982863,0,17,1995
73,0.5,6.533538,NA,7.089243,0,16.6,2000
74,NA,8.091364,NA,5.529429,0,22.2,1960
74,NA,8.134517,NA,5.598422,0,21.5,1965
74,0.1666667,8.231673,NA,5.673323,0,20.6,1970
74,0.1666667,8.285317,NA,5.416101,0,20.2,1975
74,0,7.689084,NA,5.379897,0,19.8,1980
74,0,7.449494,NA,5.743003,0,19.5,1985
74,0,7.257563,NA,5.863631,0,19,1990
74,0,7.043111,NA,5.988961,0,18.6,1995
74,0,8.189795,NA,6.124683,0,18.2,2000
75,0.88,8.334816,0.3593356,9.027259,0,29.1,1960
75,0.83,8.72038,0.3416657,9.053686,0,30.7,1965
75,0.1666667,9.040845,0.3192836,9.081711,0,33.4,1970
75,0.8333333,9.249929,0.4089774,9.110188,0,33.9,1975
75,0.8333333,9.380486,0.4560136,9.173987,0,34.2,1980
75,0.8333333,9.349674,0.4140979,9.203718,0,35.1,1985
75,1,9.390127,0.3882227,9.226312,0,36.1,1990
75,1,9.431264,NA,9.255122,0,37.4,1995
75,1,9.589738,NA,9.264829,0,39.1,2000
76,NA,NA,NA,4.49981,0,NA,1960
76,NA,NA,NA,4.574711,0,NA,1965
76,NA,NA,NA,4.558079,0,NA,1970
76,0.8333333,NA,NA,4.521789,0,NA,1975
76,0.3333333,8.012017,NA,4.50092,0,NA,1980
76,0.8333333,8.217793,NA,4.49981,0,NA,1985
76,0.8333333,8.461378,NA,4.539031,0,NA,1990
76,1,8.496442,NA,4.5486,0,NA,1995
76,1,8.728799,NA,4.59512,0,NA,2000
77,0.7,7.759642,NA,8.284757,0,17,1960
77,0.4,7.845412,0.2859315,8.426393,0,16.8,1965
77,0.8333333,8.003448,0.2562994,8.56465,0,16.9,1970
77,0.5,8.142745,0.199541,8.70251,0,17,1975
77,0.3333333,8.308284,0.2336548,8.827615,0,16.9,1980
77,0.5,8.182334,0.1938697,8.953898,0,16.7,1985
77,0.6666667,8.188078,NA,9.076694,0,16.9,1990
77,0.5,8.235296,NA,9.207937,0,17.2,1995
77,0.6666667,8.272367,NA,9.340078,0,17.8,2000
78,NA,7.548697,NA,6.343881,0,15.9,1960
78,0.53,7.61239,NA,6.46925,0,16.4,1965
78,0.8333333,7.796377,NA,6.563856,0,16,1970
78,0.5,7.866194,NA,6.598509,0,17.4,1975
78,0.5,7.945521,NA,6.634634,0,18.5,1980
78,0.3333333,7.709775,NA,6.625392,0,19.5,1985
78,0.3333333,7.644551,NA,6.594413,0,20.8,1990
78,0.8333333,7.878178,NA,6.610696,0,22.4,1995
78,0.8333333,NA,NA,6.634634,0,24.1,2000
79,0.7,7.438536,0.3080072,7.546446,0,16.7,1960
79,0.5,7.488313,0.3166004,7.716461,0,16.3,1965
79,0,7.528791,0.3767997,7.860185,0,15.9,1970
79,0.1666667,7.593008,NA,8.011355,0,15.9,1975
79,0.5,7.731841,0.3954192,8.179481,0,16.3,1980
79,0.8333333,7.725555,0.3948273,8.338784,0,16.7,1985
79,0.8333333,7.707236,0.355514,8.490849,0,17.2,1990
79,0.6666667,7.626646,NA,8.634976,0,17.8,1995
79,0.6666667,7.625558,NA,8.766706,0,18.7,2000
80,NA,NA,NA,8.328451,1,29.4,1960
80,NA,NA,NA,8.363342,1,30.6,1965
80,NA,NA,NA,8.391857,1,32.5,1970
80,NA,NA,NA,8.414939,1,33.1,1975
80,NA,NA,NA,8.431199,1,33.6,1980
80,NA,NA,NA,8.45553,1,34.4,1985
80,NA,NA,NA,8.470731,1,35.8,1990
80,0.5,8.837205,NA,8.441392,1,37.4,1995
80,0.8333333,9.050838,NA,8.384804,1,38.9,2000
81,0.35,NA,NA,8.243809,0,20.8,1960
81,0.21,NA,NA,8.329175,0,19.9,1965
81,0,6.834893,NA,8.416267,0,19.5,1970
81,0.1666667,6.826536,NA,8.501063,0,19.3,1975
81,0.1666667,7.013275,NA,8.585412,0,18.9,1980
81,0,6.874998,NA,8.676076,0,18.4,1985
81,0.5,6.763781,NA,8.775395,0,17.9,1990
81,0.3333333,7.288907,NA,8.877382,0,18.2,1995
81,0.1666667,NA,NA,8.982059,0,18.9,2000
82,0.28,NA,NA,9.208739,1,32.1,1960
82,0.12,NA,0.2978825,9.225525,1,33.4,1965
82,0.1666667,8.588902,0.2441026,9.243484,1,34.1,1970
82,0.1666667,8.845778,0.2797291,9.262174,1,34.2,1975
82,0.1666667,9.011422,0.3233313,9.278653,1,34.4,1980
82,0.3333333,9.122087,0.3730741,9.266626,1,35,1985
82,0.8333333,9.169792,NA,9.24619,1,36.4,1990
82,1,9.064034,NA,9.232982,1,37.4,1995
82,1,9.253325,NA,9.222466,1,38.1,2000
83,0.2,6.841697,NA,11.45101,0,20,1960
83,0.1,6.797702,NA,11.558,0,19.7,1965
83,0.3333333,6.991541,0.2261451,11.67451,0,19,1970
83,0.3333333,7.256683,0.2411854,11.79501,0,19.1,1975
83,0.3333333,7.54732,0.2546586,11.90701,0,19.6,1980
83,0.3333333,7.730899,0.2134041,12.00173,0,20.3,1985
83,0.1666667,7.955369,0.1948477,12.09084,0,21.6,1990
83,0,8.200976,NA,12.16915,0,23.1,1995
83,0.6666667,8.200371,NA,12.23692,0,24.6,2000
84,0.94,6.74189,0.4746312,12.98275,0,20.4,1960
84,0.91,6.831872,0.4796611,13.09668,0,20.1,1965
84,0.8333333,6.978369,0.4549198,13.21324,0,19.9,1970
84,0.8333333,6.997562,0.4906348,13.32687,0,20,1975
84,0.8333333,7.055082,0.4922402,13.44057,0,20.6,1980
84,0.8333333,7.221988,0.4213597,13.54782,0,21.2,1985
84,0.8333333,7.423547,0.376252,13.65242,0,21.8,1990
84,0.5,7.590337,NA,13.74528,0,22.6,1995
84,0.8333333,7.815578,NA,13.83131,0,23.4,2000
85,0.95,8.544048,0.511867,7.948739,0,29.8,1960
85,0.97,8.699453,0.4706181,7.964156,0,28.3,1965
85,1,8.8901,0.4584633,7.989561,0,27.6,1970
85,1,9.045475,0.4173453,8.063693,0,26.4,1975
85,1,9.206577,0.3446802,8.131824,0,26.4,1980
85,1,9.295671,0.275108,8.171882,0,26.9,1985
85,1,9.558014,0.2569326,8.162174,0,29.1,1990
85,1,9.756508,NA,8.189244,0,30.9,1995
85,1,10.18039,NA,8.241177,0,31.9,2000
86,0.35,7.8892,0.182427,9.978316,0,18.4,1960
86,0.45,8.141539,0.2018831,10.11298,0,17.7,1965
86,0.3333333,8.561217,0.2423798,10.25517,0,17.6,1970
86,0.1666667,8.522073,0.7040718,10.41049,0,17.6,1975
86,0.3333333,8.301185,0.5487418,10.57449,0,17.5,1980
86,0.3333333,8.397391,0.4472229,10.76003,0,17.6,1985
86,0.1666667,8.26404,NA,10.90412,0,17.7,1990
86,0.1666667,8.519805,NA,10.98451,0,18.3,1995
86,0.1666667,8.698613,NA,11.06137,0,20.6,2000
87,0.15,NA,0.3387705,8.831566,0,16.8,1960
87,0.11,NA,0.3594878,8.984192,0,16.7,1965
87,0,NA,0.4204678,9.143773,0,16.6,1970
87,0,NA,NA,9.307467,0,16.6,1975
87,0.1666667,NA,0.2890503,9.473243,0,16.9,1980
87,0,NA,NA,9.636719,0,17.2,1985
87,0,NA,0.3495355,9.802451,0,17.5,1990
87,0,NA,NA,9.941698,0,18.1,1995
87,0,NA,NA,10.05466,0,18.7,2000
88,1,9.014312,NA,5.170484,0,25.4,1960
88,1,9.275016,0.5915233,5.267858,0,24.3,1965
88,1,9.298835,0.6050245,5.31812,0,24.6,1970
88,1,9.564708,0.5647696,5.384495,0,25.4,1975
88,1,9.808449,0.5446389,5.429346,0,26.9,1980
88,1,9.857358,0.6910595,5.484797,0,28,1985
88,1,9.954723,NA,5.540479,0,30,1990
88,1,9.927636,NA,5.590987,0,31.5,1995
88,1,10.11767,NA,5.634789,0,32.9,2000
89,0.95,8.620045,0.3746982,7.656337,0,24.3,1960
89,0.97,8.898729,0.3668935,7.848934,0,23.6,1965
89,0.8333333,9.086753,0.346615,7.997663,0,23.4,1970
89,0.8333333,9.305582,0.3771309,8.147577,0,24,1975
89,0.8333333,9.34363,0.6023094,8.263075,0,24.8,1980
89,0.8333333,9.392495,0.5430319,8.350666,0,25.4,1985
89,0.8333333,9.519797,NA,8.446771,0,25.8,1990
89,1,9.6899,NA,8.620652,0,27,1995
89,1,9.738237,NA,8.737647,0,27.9,2000
90,0.97,8.837732,NA,10.82377,0,31.3,1960
90,0.97,9.049049,0.3910902,10.86115,0,32.1,1965
90,1,9.332002,0.3792127,10.89344,0,32.8,1970
90,1,9.435337,0.3868344,10.92307,0,33.4,1975
90,1,9.631416,0.4549198,10.94083,0,34,1980
90,1,9.704334,0.5234374,10.94364,0,35.2,1985
90,1,9.868263,0.6960464,10.94586,0,37.4,1990
90,1,9.918014,NA,10.95438,0,38.5,1995
90,1,9.988757,NA,10.96284,0,40.2,2000
91,0.91,7.917863,0.4068962,7.395721,0,19.6,1960
91,0.9,8.082705,0.4404722,7.473069,0,18.4,1965
91,1,8.260118,0.4396847,7.533159,0,16.7,1970
91,1,8.284571,0.4662274,7.607381,0,17,1975
91,0.8333333,8.146678,0.4019729,7.665285,0,19.2,1980
91,0.8333333,8.100238,0.3536654,7.745479,0,20.6,1985
91,0.8333333,8.318845,0.3437945,7.779048,0,22.1,1990
91,0.8333333,8.244399,NA,7.816014,0,23,1995
91,0.8333333,8.214085,NA,7.852828,0,24.1,2000
92,0.32,7.734221,0.2962255,6.738153,0,17.6,1960
92,0.31,7.919852,0.2753747,7.028202,0,17.4,1965
92,0.1666667,7.708977,0.2348094,7.31854,0,17.1,1970
92,0.1666667,7.765361,0.3082924,7.501082,0,16.4,1975
92,0.1666667,8.306857,0.296617,7.687539,0,15.3,1980
92,0.3333333,8.400855,0.2349397,7.880048,0,16.2,1985
92,0.3333333,8.148808,0.2895631,8.061487,0,16.3,1990
92,0.5,8.230902,NA,8.341649,0,18.7,1995
92,0.5,8.267375,NA,8.494295,0,20.1,2000
93,0.99,8.42168,0.3329867,11.45205,0,25.5,1960
93,1,8.830431,0.3195295,11.50169,0,27.3,1965
93,0.8333333,9.347801,0.3440537,11.55546,0,29,1970
93,0.8333333,9.485228,0.3666475,11.62572,0,30.4,1975
93,1,9.656223,0.3570409,11.66806,0,32.6,1980
93,1,9.783747,0.335191,11.70151,0,35.2,1985
93,1,10.00876,0.3517228,11.7243,0,37.4,1990
93,1,10.05485,NA,11.73957,0,39.7,1995
93,1,10.11356,NA,11.75092,0,41.3,2000
94,NA,NA,NA,9.207837,1,22.9,1960
94,NA,NA,NA,9.385218,1,22.4,1965
94,NA,NA,NA,9.481131,1,21.8,1970
94,NA,NA,NA,9.55648,1,22.3,1975
94,NA,NA,NA,9.607337,1,23.5,1980
94,NA,NA,NA,9.656493,1,24.5,1985
94,NA,NA,NA,9.70186,1,26,1990
94,0.1666667,8.656834,NA,9.684461,1,27.1,1995
94,0.1666667,8.908018,NA,9.619742,1,27.9,2000
95,0.71,6.679399,0.5245511,9.027859,0,17.2,1960
95,0.58,6.741649,0.5271165,9.18492,0,15.9,1965
95,0.3333333,6.710691,0.4451096,9.349929,0,15.6,1970
95,0.3333333,7.036955,0.4089098,9.528139,0,15.2,1975
95,0.3333333,7.12166,0.4502225,9.719084,0,15,1980
95,0.1666667,7.04774,0.432795,9.897017,0,14.8,1985
95,0.1666667,7.197484,0.4165106,10.05852,0,15.2,1990
95,0,7.133424,NA,10.19201,0,16.5,1995
95,0.1666667,7.126381,NA,10.31201,0,17.7,2000
96,NA,NA,NA,7.683864,1,24,1960
96,NA,NA,NA,7.855932,1,21.6,1965
96,NA,NA,NA,7.994295,1,19.4,1970
96,NA,NA,NA,8.101375,1,19.5,1975
96,NA,NA,NA,8.197538,1,20.8,1980
96,NA,NA,NA,8.293049,1,21.7,1985
96,NA,NA,NA,8.394573,1,21.6,1990
96,0.5,7.839219,NA,8.431635,1,22.1,1995
96,0.1666667,8.011205,NA,8.500047,1,23.2,2000
97,0.39,NA,NA,8.600246,0,18.6,1960
97,0.36,NA,NA,8.722743,0,18.5,1965
97,0.1666667,NA,NA,8.844769,0,18.3,1970
97,0,NA,NA,8.867568,0,18.7,1975
97,0,NA,NA,8.826917,0,19.2,1980
97,0,NA,NA,8.962392,0,17.8,1985
97,0,NA,NA,9.120962,0,17.5,1990
97,0.1666667,7.076396,NA,9.277561,0,16.6,1995
97,0.1666667,NA,NA,9.394429,0,17.5,2000
98,NA,NA,NA,3.706228,0,NA,1960
98,NA,NA,NA,3.802208,0,NA,1965
98,NA,NA,NA,3.889777,0,NA,1970
98,NA,NA,NA,3.972177,0,NA,1975
98,0.8333333,NA,NA,4.062166,0,NA,1980
98,1,NA,NA,4.174387,0,NA,1985
98,1,NA,NA,4.281377,0,NA,1990
98,1,NA,NA,4.382027,0,NA,1995
98,1,NA,NA,4.507557,0,NA,2000
99,NA,NA,NA,3.931826,0,NA,1960
99,NA,NA,NA,3.885679,0,NA,1965
99,NA,NA,NA,3.804438,0,NA,1970
99,NA,NA,NA,3.775057,0,NA,1975
99,NA,8.546586,NA,3.793239,0,NA,1980
99,1,8.756536,NA,3.755369,0,NA,1985
99,1,8.970687,NA,3.738384,0,NA,1990
99,1,9.286465,NA,3.713572,0,NA,1995
99,1,9.522664,NA,3.78419,0,NA,2000
100,NA,NA,NA,10.50323,0,NA,1960
100,NA,NA,NA,10.62663,0,NA,1965
100,NA,NA,NA,10.74333,0,NA,1970
100,NA,NA,NA,10.84543,0,NA,1975
100,NA,NA,NA,10.92089,0,NA,1980
100,NA,NA,NA,10.991,0,NA,1985
100,NA,NA,NA,11.04811,0,NA,1990
100,NA,NA,NA,11.10445,0,NA,1995
100,NA,NA,NA,11.14585,0,NA,2000
101,0.52,7.310043,0.2536042,10.12675,0,19.2,1960
101,0.53,7.497014,0.2492612,10.25871,0,18.7,1965
101,0.3333333,7.906761,0.2287131,10.37108,0,19,1970
101,0.3333333,8.204275,0.2931599,10.4711,0,19.9,1975
101,0.3333333,8.47425,0.2632229,10.5486,0,21.8,1980
101,0.5,8.790099,0.2968501,10.61658,0,24.5,1985
101,0.8333333,9.205568,0.256503,10.6659,0,26.9,1990
101,0.8333333,9.514257,NA,10.71648,0,29.3,1995
101,0.8333333,9.672554,NA,10.75807,0,31.8,2000
102,NA,NA,NA,5.627621,0,22.8,1960
102,NA,NA,0.1378727,6.154858,0,21.4,1965
102,0.5,NA,0.2152253,6.612041,0,18.9,1970
102,0.5,NA,0.2149366,6.914731,0,18.2,1975
102,0.1666667,NA,0.4340066,7.226209,0,20.5,1980
102,0.5,NA,0.2131838,7.445417,0,22.5,1985
102,0,NA,NA,7.661527,0,22.8,1990
102,0.3333333,NA,NA,7.36834,0,26.8,1995
102,0.5,NA,NA,7.593072,0,28.6,2000
103,0.57,NA,NA,7.685703,0,18.8,1960
103,0.43,NA,NA,7.796469,0,18.8,1965
103,0.3333333,NA,NA,7.90581,0,18.7,1970
103,0.1666667,NA,NA,8.014336,0,18.7,1975
103,0,NA,NA,8.072468,0,18.8,1980
103,0,NA,NA,8.194506,0,18.3,1985
103,0.1666667,NA,NA,8.326517,0,18,1990
103,0,NA,NA,8.452334,0,18.1,1995
103,0,NA,NA,8.571492,0,18.5,2000
104,0.84,NA,NA,7.584987,0,20.8,1960
104,0.74,NA,NA,7.731957,0,18.8,1965
104,0.8333333,NA,NA,7.869837,0,18.1,1970
104,0.5,NA,NA,7.988495,0,18.9,1975
104,0.5,NA,NA,8.007151,0,19.3,1980
104,0.3333333,NA,NA,8.094036,0,20.2,1985
104,0.1666667,8.082907,NA,8.198364,0,21.7,1990
104,0.1666667,8.461366,NA,8.295299,0,23.3,1995
104,0.1666667,8.663174,NA,8.372861,0,25.2,2000
105,0.47,NA,NA,6.946014,0,18.1,1960
105,0.46,NA,NA,7.085901,0,17.5,1965
105,0.1666667,NA,NA,7.233455,0,17.2,1970
105,0.1666667,NA,NA,7.383368,0,17,1975
105,0.1666667,NA,NA,7.536897,0,16.8,1980
105,0.3333333,NA,NA,7.693026,0,16.6,1985
105,0,NA,NA,7.797702,0,16.4,1990
105,0,NA,NA,7.913155,0,16.5,1995
105,0.3333333,NA,NA,8.048788,0,16.6,2000
106,0.31,NA,NA,7.207119,0,18.4,1960
106,0.34,NA,NA,7.392032,0,18.4,1965
106,0,NA,NA,7.593878,0,17.5,1970
106,0,NA,NA,7.802209,0,17,1975
106,0.1666667,NA,NA,8.020599,0,16.8,1980
106,0.1666667,NA,NA,8.239065,0,16.8,1985
106,0,NA,NA,8.368925,0,17.8,1990
106,0,NA,NA,8.466952,0,19.6,1995
106,0,NA,NA,8.573573,0,21.8,2000
107,NA,NA,NA,4.459451,0,17.7,1960
107,NA,NA,NA,4.536891,0,16.4,1965
107,NA,NA,NA,4.619073,0,15,1970
107,NA,NA,NA,4.685828,0,16.5,1975
107,0.8333333,8.082571,NA,4.74927,0,17.5,1980
107,1,8.152157,NA,4.826713,0,18.9,1985
107,1,8.637772,NA,4.898586,0,20.8,1990
107,1,8.751712,NA,4.979764,0,22,1995
107,1,8.753119,NA,5.045359,0,23.8,2000
108,NA,NA,NA,NA,0,NA,1960
108,NA,NA,NA,NA,0,NA,1965
108,0.5,NA,NA,NA,0,NA,1970
108,NA,NA,NA,NA,0,NA,1975
108,NA,NA,NA,NA,0,NA,1980
108,NA,NA,NA,NA,0,NA,1985
108,NA,NA,NA,NA,0,NA,1990
108,1,NA,NA,NA,0,NA,1995
108,1,NA,NA,3.465736,0,NA,2000
109,0.94,7.195235,NA,9.179984,0,19,1960
109,0.86,7.233606,NA,9.306287,0,19,1965
109,0.8333333,7.3508,NA,9.417842,0,19.7,1970
109,0.8333333,7.41386,NA,9.511333,0,20.9,1975
109,0.8333333,7.489711,0.189244,9.588983,0,22.1,1980
109,0.6666667,7.723791,0.1753525,9.646981,0,23.2,1985
109,0.5,7.830053,NA,9.696894,0,24.7,1990
109,0.5,8.028013,NA,9.757305,0,26.4,1995
109,0.6666667,8.10163,NA,9.823741,0,28.1,2000
110,NA,6.548558,NA,6.787845,0,18.5,1960
110,NA,6.762671,NA,6.901737,0,18.3,1965
110,0,6.783237,NA,7.003066,0,18.2,1970
110,0.3333333,6.959955,NA,7.107426,0,17.9,1975
110,0.3333333,7.213881,0.2012939,7.21671,0,17.7,1980
110,0.3333333,7.179348,NA,7.327123,0,17.6,1985
110,0.1666667,7.222058,NA,7.427739,0,17.5,1990
110,0.5,7.207245,NA,7.533159,0,18,1995
110,0.5,7.37254,NA,7.618251,0,18.8,2000
111,NA,NA,NA,7.929846,1,28.3,1960
111,NA,NA,NA,7.99699,1,29.7,1965
111,NA,NA,NA,8.051978,1,30.7,1970
111,NA,NA,NA,8.102283,1,31.3,1975
111,NA,NA,NA,8.135347,1,31.8,1980
111,NA,NA,NA,8.173293,1,31.9,1985
111,NA,NA,NA,8.215548,1,32.6,1990
111,1,8.737635,NA,8.197538,1,34.3,1995
111,1,8.889239,NA,8.162231,1,36,2000
112,1,9.367659,0.5275336,5.752255,0,35.2,1960
112,0.98,9.481506,0.4920567,5.808143,0,35.3,1965
112,0.8333333,9.623864,0.4720935,5.828357,0,35.3,1970
112,0.8333333,9.696674,0.6484474,5.887492,0,34.4,1975
112,1,9.790245,0.5039321,5.899623,0,34.8,1980
112,1,9.905174,0.4753402,5.905907,0,35.7,1985
112,1,10.19956,0.4998294,5.945159,0,35.9,1990
112,1,10.44502,NA,6.014937,0,36.1,1995
112,1,10.6917,NA,6.082219,0,37,2000
113,NA,NA,NA,7.663408,1,32.1,1960
113,NA,NA,NA,7.726213,1,32.8,1965
113,NA,NA,NA,7.772332,1,34.1,1970
113,NA,NA,NA,7.813591,1,34.8,1975
113,NA,NA,NA,7.841493,1,35,1980
113,NA,NA,NA,7.871311,1,34.7,1985
113,NA,9.204279,NA,7.890096,1,34.6,1990
113,0.8333333,8.695889,NA,7.830028,1,36.2,1995
113,1,8.942823,NA,7.771489,1,37.8,2000
114,0.41,7.176346,NA,9.360999,0,17.5,1960
114,0.32,7.585205,0.4479953,9.497247,0,17.2,1965
114,0.3333333,7.723347,NA,9.636262,0,16.3,1970
114,0.3333333,7.836394,0.549943,9.758751,0,16.3,1975
114,0.5,8.00448,NA,9.8721,0,18.2,1980
114,0.5,8.051818,0.3403667,9.982668,0,18.8,1985
114,0.5,8.174837,0.3738639,10.0876,0,19.7,1990
114,0.3333333,8.140558,NA,10.18059,0,21.3,1995
114,0.3333333,8.220592,NA,10.26483,0,23,2000
115,NA,NA,NA,8.0077,1,26.1,1960
115,NA,NA,NA,8.112528,1,26.2,1965
115,NA,NA,NA,8.1873,1,26.3,1970
115,NA,NA,NA,8.252967,1,26.2,1975
115,NA,NA,NA,8.29455,1,27.7,1980
115,NA,NA,NA,8.340933,1,28.7,1985
115,NA,NA,NA,8.380686,1,29.9,1990
115,0.5,7.774394,NA,8.3754,1,30.8,1995
115,0.8333333,7.642906,NA,8.361241,1,31.7,2000
116,0.92,7.122519,NA,8.588024,0,18.1,1960
116,0.83,7.029944,0.3470201,8.71588,0,17.6,1965
116,0.3333333,7.149919,0.4217092,8.833463,0,17.4,1970
116,0.3333333,7.074652,NA,8.964312,0,17.5,1975
116,0.1666667,6.990982,0.3853754,9.090768,0,17.5,1980
116,0.3333333,6.863005,NA,9.222566,0,17.5,1985
116,0.5,6.803911,NA,9.361515,0,17.5,1990
116,0.8333333,6.708395,NA,9.49552,0,17.5,1995
116,0.8333333,6.728495,NA,9.650078,0,17.5,2000
117,NA,NA,NA,4.59512,0,21.2,1960
117,NA,NA,NA,4.691348,0,19.7,1965
117,0.6666667,NA,NA,4.795791,0,18.8,1970
117,0.5,NA,NA,4.919981,0,18.9,1975
117,0.3333333,NA,NA,5.062595,0,18.5,1980
117,0.3333333,NA,NA,5.214936,0,17.3,1985
117,0.1666667,NA,NA,5.361292,0,16.7,1990
117,0.1666667,NA,NA,5.493062,0,17.1,1995
117,0.1666667,NA,NA,5.613128,0,17.7,2000
118,0.8,8.289124,NA,10.51719,0,17.5,1960
118,0.75,8.469162,NA,10.67239,0,17,1965
118,0.3333333,8.616492,NA,10.83163,0,16.7,1970
118,0.5,8.774226,NA,10.98697,0,16.6,1975
118,0.6666667,8.943083,0.2161605,11.12092,0,17.2,1980
118,0.5,8.945503,0.1872804,11.23142,0,18.3,1985
118,0.5,8.900249,NA,11.32932,0,19.7,1990
118,0.5,8.878354,NA,11.42021,0,21.3,1995
118,0.8333333,9.078218,NA,11.49238,0,22.9,2000
119,NA,NA,NA,NA,1,22.4,1960
119,NA,NA,NA,NA,1,22.4,1965
119,NA,NA,NA,7.396335,1,23.7,1970
119,NA,NA,NA,7.470224,1,24.8,1975
119,NA,NA,NA,7.543803,1,26.4,1980
119,NA,NA,NA,7.585281,1,28.1,1985
119,NA,NA,NA,7.551187,1,29.5,1990
119,0.5,8.416305,NA,7.583756,1,30.9,1995
119,0.5,8.545053,NA,7.613819,1,32.3,2000
120,0.53,6.890221,NA,8.377932,0,17.2,1960
120,0.37,6.657802,0.3887381,8.474286,0,17.1,1965
120,0,6.66431,0.4646975,8.582045,0,16.9,1970
120,0,6.740712,0.2963766,8.683555,0,16.7,1975
120,0,6.850566,NA,8.793308,0,16.4,1980
120,0,6.755792,NA,8.907747,0,16.1,1985
120,0.1666667,6.626314,NA,9.043104,0,15.8,1990
120,0.8333333,6.69913,NA,9.171599,0,15.6,1995
120,0.8333333,6.876678,NA,9.290998,0,15.4,2000
121,NA,NA,0.4772581,5.796058,0,23.1,1960
121,NA,NA,0.4191025,5.768321,0,23.6,1965
121,1,NA,0.4884478,5.786897,0,26.3,1970
121,1,NA,0.4961219,5.793014,0,28.8,1975
121,0.8333333,NA,0.518766,5.897154,0,30,1980
121,0.8333333,NA,0.481187,5.840641,0,31.7,1985
121,1,NA,NA,5.886104,0,33,1990
121,1,9.431823,NA,5.934894,0,35,1995
121,1,NA,NA,5.966147,0,36.5,2000
122,0.63,NA,NA,9.980449,0,20,1960
122,NA,NA,NA,10.08552,0,19.6,1965
122,0,NA,NA,10.1981,0,19.4,1970
122,0.1666667,NA,NA,10.31421,0,19.5,1975
122,0,NA,NA,10.42543,0,19.7,1980
122,0,NA,NA,10.52299,0,20.1,1985
122,0,NA,NA,10.60948,0,21,1990
122,0,NA,NA,10.69991,0,22.1,1995
122,0,NA,NA,10.77371,0,23.4,2000
123,0.22,NA,NA,6.865891,0,18.4,1960
123,0.16,NA,NA,6.997596,0,18.2,1965
123,0,NA,NA,7.135687,0,18.1,1970
123,0,NA,NA,7.277248,0,18,1975
123,0,NA,NA,7.416378,0,18.2,1980
123,0,NA,NA,7.554335,0,18.6,1985
123,0.5,NA,NA,7.652546,0,18.8,1990
123,0.8333333,NA,NA,7.729735,0,20,1995
123,0.8333333,NA,NA,7.78239,0,21.8,2000
124,NA,NA,NA,NA,0,NA,1960
124,NA,NA,NA,NA,0,NA,1965
124,NA,NA,NA,NA,0,NA,1970
124,NA,NA,NA,NA,0,NA,1975
124,NA,NA,NA,NA,0,NA,1980
124,NA,NA,NA,NA,0,NA,1985
124,NA,NA,NA,NA,0,NA,1990
124,NA,NA,NA,NA,0,NA,1995
124,NA,NA,NA,NA,0,NA,2000
125,NA,7.364519,NA,8.917445,0,18.9,1960
125,0.12,7.419017,0.3119273,9.028579,0,18.7,1965
125,NA,7.359494,0.4142276,9.147933,0,18.4,1970
125,0.1666667,7.460438,NA,9.25894,0,18.1,1975
125,0,7.029049,NA,9.400547,0,18.1,1980
125,0.1666667,6.654599,NA,9.513477,0,17.6,1985
125,0.1666667,6.830688,NA,9.557541,0,16.6,1990
125,0.6666667,6.688275,NA,9.66903,0,17.7,1995
125,0.6666667,6.944121,NA,9.780811,0,17.8,2000
126,0.67,6.951782,NA,6.898715,0,18.8,1960
126,0.59,7.438795,NA,6.999423,0,18.8,1965
126,0.1666667,7.53964,NA,7.107426,0,18.6,1970
126,0.1666667,7.490358,NA,7.223296,0,18.2,1975
126,0,7.545162,NA,7.346655,0,18,1980
126,0,7.313798,NA,7.476472,0,17.9,1985
126,0,7.166897,NA,7.596894,0,17.9,1990
126,0.1666667,7.139542,NA,7.729735,0,18,1995
126,0.1666667,NA,NA,7.887959,0,18.2,2000
127,NA,8.057663,NA,6.49224,0,16.7,1960
127,NA,8.355584,0.324756,6.624065,0,16.7,1965
127,0.6666667,8.295341,0.2623792,6.716595,0,17.8,1970
127,0.8333333,8.45127,0.5205737,6.793466,0,19.5,1975
127,0.8333333,8.658683,0.4877291,6.873164,0,21.5,1980
127,0.8333333,8.832932,0.4499706,6.923629,0,23.4,1985
127,0.8333333,9.105606,NA,6.96319,0,25.7,1990
127,1,9.335156,NA,7.022868,0,27.3,1995
127,1,9.541922,NA,7.079185,0,28.9,2000
128,NA,6.03681,0.5853767,8.16877,0,17.1,1960
128,0.58,6.17475,0.3649234,8.28778,0,17,1965
128,0,6.120677,0.4067464,8.415825,0,16.7,1970
128,0,6.389271,0.4322122,8.56484,0,16.4,1975
128,0.1666667,6.482756,0.2971982,8.729559,0,16.2,1980
128,0.1666667,6.476879,NA,8.888481,0,16.4,1985
128,0,6.430699,NA,9.048645,0,17,1990
128,0.8333333,6.51129,NA,9.128045,0,17.8,1995
128,0.6666667,6.664136,NA,9.240967,0,17.1,2000
129,0.84,7.658714,NA,9.004545,0,17.6,1960
129,0.8,7.823121,0.294191,9.159258,0,16.9,1965
129,0.8333333,7.966764,0.2646545,9.292197,0,17.5,1970
129,0.6666667,8.186017,0.2584662,9.413934,0,18.6,1975
129,0.6666667,8.492172,0.2922237,9.529739,0,19.7,1980
129,0.6666667,8.603088,0.2656355,9.65995,0,20.3,1985
129,0.3333333,8.783339,0.2706052,9.809281,0,21.9,1990
129,0.5,9.071631,NA,9.933525,0,22.5,1995
129,0.3333333,9.202227,NA,10.05492,0,23.6,2000
130,NA,8.097447,NA,6.429719,0,19.3,1960
130,NA,8.332298,NA,6.542472,0,18.9,1965
130,NA,8.470129,NA,6.666957,0,18.6,1970
130,NA,8.612038,NA,6.804615,0,17.9,1975
130,NA,8.391611,NA,6.896694,0,16.9,1980
130,NA,8.400318,NA,7.013016,0,16.8,1985
130,0.8333333,8.319297,NA,7.226209,0,18,1990
130,0.8333333,8.39278,NA,7.36834,0,18.2,1995
130,0.8333333,NA,NA,7.471363,0,18.4,2000
131,0.57,7.392861,NA,8.065266,0,16.7,1960
131,0.16,7.466524,NA,8.194781,0,16.1,1965
131,0.1666667,7.325603,NA,8.331827,0,15.9,1970
131,0,7.056677,0.4206993,8.478868,0,15.8,1975
131,0,7.032337,0.0875884,8.633553,0,15.4,1980
131,0,6.7974,NA,8.791334,0,15.1,1985
131,0.1666667,6.85442,NA,8.949884,0,15,1990
131,0.6666667,6.716748,NA,9.117018,0,15.1,1995
131,0.5,6.774415,NA,9.29026,0,15.1,2000
132,0.87,6.939947,NA,10.61695,0,18.3,1960
132,0.49,6.969365,NA,10.74704,0,17.8,1965
132,0.1666667,7.015095,NA,10.8821,0,17.5,1970
132,0.1666667,6.97206,NA,11.02257,0,17.4,1975
132,0.8333333,7.102584,0.2256585,11.17252,0,17.4,1980
132,0,6.935002,NA,11.32895,0,17,1985
132,0.3333333,6.998362,NA,11.47422,0,16.8,1990
132,0,6.830782,NA,11.61971,0,16.9,1995
132,0.5,6.560809,NA,11.75123,0,17.3,2000
133,0.49,7.964466,NA,7.340836,0,16,1960
133,0.55,8.247722,0.1673518,7.500529,0,15.6,1965
133,0.5,8.28903,0.1577746,7.660585,0,15.7,1970
133,0.3333333,8.372661,0.1838268,7.823246,0,15.9,1975
133,0.3333333,8.01919,0.1929096,7.979681,0,16.1,1980
133,0.3333333,8.002988,NA,8.132707,0,16.1,1985
133,0.6666667,7.718805,NA,8.249052,0,16.6,1990
133,0.5,7.506292,NA,8.395251,0,17.2,1995
133,0.6666667,7.47715,NA,8.531293,0,18.1,2000
134,1,9.13194,0.526583,9.348971,0,28.7,1960
134,1,9.300868,0.5099156,9.416948,0,28.6,1965
134,1,9.496997,0.5090438,9.4757,0,28.6,1970
134,1,9.601299,0.572597,9.522666,0,29.4,1975
134,1,9.694074,0.68047,9.55747,0,31.3,1980
134,1,9.730054,0.6013884,9.581352,0,33.1,1985
134,1,9.877166,NA,9.6126,0,34.5,1990
134,1,9.94662,NA,9.646011,0,35.9,1995
134,1,10.09876,NA,9.675268,0,37.6,2000
135,1,9.016792,0.5366848,8.183397,0,34.4,1960
135,1,9.190365,0.4907616,8.222285,0,34.1,1965
135,1,9.322586,0.5472006,8.262817,0,33,1970
135,1,9.54068,0.6163316,8.295798,0,32.5,1975
135,1,9.730227,0.5762928,8.316545,0,33.3,1980
135,1,9.867865,0.5523462,8.331586,0,34.6,1985
135,1,9.925536,0.7146375,8.352673,0,35.4,1990
135,1,10.0813,NA,8.380227,0,36.1,1995
135,1,10.20583,NA,8.409831,0,37.2,2000
136,0.4,6.657564,NA,9.194109,0,20.4,1960
136,0.29,6.651843,NA,9.286375,0,19.9,1965
136,0.1666667,6.704073,NA,9.382611,0,19.7,1970
136,0.1666667,6.784991,NA,9.483188,0,19.4,1975
136,0.6666667,6.756389,NA,9.585964,0,19.3,1980
136,0.6666667,6.908319,0.2521126,9.692272,0,19.2,1985
136,0.5,6.99108,NA,9.805984,0,19.2,1990
136,0.6666667,7.124873,NA,9.9252,0,19.3,1995
136,0.6666667,7.285717,NA,10.04512,0,19.5,2000
137,1,9.353518,0.5898695,7.771489,0,27.4,1960
137,1,9.511593,0.5853497,7.873979,0,25.8,1965
137,1,9.52262,0.6435165,7.944492,0,25.6,1970
137,1,9.628115,0.6558289,8.034955,0,26.3,1975
137,1,9.563643,0.59282,8.043343,0,28.3,1980
137,1,9.69045,0.54045,8.093004,0,29.7,1985
137,1,9.690828,0.5582579,8.142121,0,31.1,1990
137,1,9.76537,NA,8.203988,0,32.6,1995
137,1,9.842444,NA,8.250829,0,34.5,2000
138,NA,NA,NA,NA,0,NA,1960
138,NA,NA,NA,NA,0,NA,1965
138,NA,NA,NA,NA,0,NA,1970
138,NA,NA,NA,NA,0,NA,1975
138,NA,NA,NA,NA,0,NA,1980
138,NA,NA,NA,NA,0,NA,1985
138,NA,NA,NA,NA,0,NA,1990
138,NA,NA,NA,NA,0,NA,1995
138,NA,NA,NA,NA,0,NA,2000
139,NA,NA,NA,6.324359,0,16.9,1960
139,NA,NA,NA,6.447306,0,16.2,1965
139,0,NA,NA,6.583409,0,16,1970
139,0,NA,0.6138084,6.741701,0,16.4,1975
139,0.1666667,NA,NA,7.003974,0,17.3,1980
139,0.1666667,NA,NA,7.242083,0,17.6,1985
139,0.1666667,NA,NA,7.394493,0,18.2,1990
139,0.1666667,NA,NA,7.666222,0,19.9,1995
139,0.1666667,NA,NA,7.787382,0,21.2,2000
140,NA,NA,0.2443064,10.73315,0,20.2,1960
140,NA,NA,0.2045081,10.87007,0,19.6,1965
140,0.6666667,NA,0.2364603,11.01217,0,19.1,1970
140,0.3333333,6.926908,0.2308694,11.1709,0,19,1975
140,0,7.049308,0.2035718,11.32334,0,19,1980
140,0.5,7.275558,0.214729,11.45947,0,19,1985
140,0.5,7.465782,NA,11.58966,0,18.9,1990
140,0.6666667,7.551351,NA,11.71484,0,18.4,1995
140,0.1666667,7.604745,NA,11.83559,0,18.8,2000
141,0.4,6.450712,0.2443064,11.48711,0,NA,1960
141,0.63,6.614855,0.2045081,11.61801,0,NA,1965
141,NA,6.848849,0.2364603,11.75262,0,NA,1970
141,NA,NA,0.2308694,11.89562,0,NA,1975
141,NA,NA,0.2035718,12.03272,0,NA,1980
141,NA,NA,0.214729,12.16463,0,NA,1985
141,NA,NA,NA,12.29225,0,NA,1990
141,NA,NA,NA,12.39878,0,NA,1995
141,NA,NA,NA,12.50295,0,NA,2000
142,0.75,7.751285,0.3488529,7.026427,0,18.6,1960
142,0.77,8.008891,0.3488826,7.172425,0,18.1,1965
142,0,8.249015,0.3007393,7.317213,0,18,1970
142,0,8.346293,0.3159281,7.451822,0,18.4,1975
142,0.5,8.583906,0.3346052,7.575585,0,19.3,1980
142,0.1666667,8.673018,0.3645403,7.681099,0,20.5,1985
142,0.5,8.514949,0.3706125,7.78239,0,21.9,1990
142,0.8333333,8.634871,NA,7.875119,0,23.4,1995
142,1,8.710505,NA,7.956477,0,24.8,2000
143,NA,NA,NA,NA,0,NA,1960
143,NA,NA,NA,NA,0,NA,1965
143,NA,NA,NA,NA,0,NA,1970
143,NA,NA,NA,NA,0,NA,1975
143,NA,NA,NA,NA,0,NA,1980
143,NA,NA,NA,NA,0,NA,1985
143,NA,NA,NA,NA,0,NA,1990
143,NA,NA,NA,NA,0,NA,1995
143,NA,NA,NA,NA,0,NA,2000
144,0.83,8.07968,0.2570886,9.203417,0,18.4,1960
144,0.87,8.306534,0.2151691,9.347229,0,18,1965
144,0,8.452364,0.1844165,9.487442,0,17.9,1970
144,0.1666667,8.582943,0.1484089,9.626482,0,18.2,1975
144,0.8333333,8.497258,0.17704,9.759848,0,18.7,1980
144,0.8333333,8.382646,0.1394957,9.877759,0,19.6,1985
144,0.6666667,8.184428,NA,9.979012,0,20.5,1990
144,0.3333333,8.395685,NA,10.07899,0,21.5,1995
144,0.6666667,8.431426,NA,10.1635,0,22.7,2000
145,0.93,7.608164,0.2341504,10.20563,0,17,1960
145,0.93,7.700883,0.237647,10.3599,0,16.9,1965
145,0.5,7.781599,0.1670126,10.50652,0,17.1,1970
145,0.3333333,7.935596,0.2138428,10.64595,0,17.6,1975
145,0.3333333,8.098315,0.2067477,10.77969,0,18.1,1980
145,0.5,7.923011,0.2600261,10.90101,0,18.6,1985
145,0.6666667,8.00947,0.2590239,11.01928,0,19.2,1990
145,0.8333333,8.0161,NA,11.13227,0,19.8,1995
145,0.8333333,8.138867,NA,11.2467,0,20.9,2000
146,NA,NA,NA,NA,0,NA,1960
146,NA,NA,NA,NA,0,NA,1965
146,NA,NA,NA,NA,0,NA,1970
146,NA,NA,NA,NA,0,NA,1975
146,NA,NA,NA,NA,0,NA,1980
146,NA,NA,NA,NA,0,NA,1985
146,NA,NA,NA,NA,0,NA,1990
146,NA,NA,NA,NA,0,NA,1995
146,NA,NA,NA,NA,0,NA,2000
147,NA,7.685717,0.5549385,7.560081,0,18.6,1960
147,NA,7.961848,0.4045178,7.672292,0,17.1,1965
147,NA,7.959229,0.3939365,7.792349,0,17.9,1970
147,0.6666667,8.184258,0.3476882,7.911691,0,17.9,1975
147,0.8333333,8.045626,0.3494063,8.034631,0,17.9,1980
147,0.8333333,8.027691,0.3560138,8.164795,0,18.1,1985
147,0.8333333,7.966026,NA,8.289037,0,18.8,1990
147,0.8333333,8.177335,NA,8.416267,0,19,1995
147,0.8333333,NA,NA,8.542861,0,19.1,2000
148,0.24,NA,NA,10.29421,1,26.5,1960
148,0.22,NA,NA,10.35762,1,27.6,1965
148,0.1666667,NA,0.2386986,10.3898,1,28.2,1970
148,0.1666667,NA,0.2523938,10.43476,1,28.6,1975
148,0.1666667,8.858294,0.2454722,10.47948,1,29.5,1980
148,0.1666667,8.771687,0.201974,10.52415,1,30.8,1985
148,0.8333333,8.794974,NA,10.54846,1,32.3,1990
148,1,8.893109,NA,10.56069,1,33.8,1995
148,1,9.128801,NA,10.56225,1,35.2,2000
149,0.21,NA,NA,9.343997,0,20.8,1960
149,0.21,NA,NA,9.448412,0,21.8,1965
149,0,NA,NA,9.574775,0,22.1,1970
149,0,NA,NA,9.681468,0,21.6,1975
149,0,NA,NA,9.752432,0,22.8,1980
149,0,NA,NA,9.827254,0,24.3,1985
149,0,NA,NA,9.901285,0,25.9,1990
149,0,NA,NA,9.969884,0,27.7,1995
149,0,NA,NA,10.01091,0,29.4,2000
150,0.42,8.140011,0.2813594,9.098638,0,28,1960
150,0.39,8.423364,0.3201314,9.119201,0,28.2,1965
150,0.3333333,8.747725,0.4403411,9.109879,0,28.6,1970
150,0.3333333,8.914448,0.4784641,9.11526,0,28.7,1975
150,0.8333333,9.10981,0.4091526,9.186663,0,29.1,1980
150,1,9.128251,0.3644361,9.21148,0,31.6,1985
150,1,9.417906,NA,9.199886,0,34.5,1990
150,1,9.47473,NA,9.203013,0,35.6,1995
150,1,9.675546,NA,9.21114,0,37,2000
151,0.39,7.793753,NA,7.518607,0,18.1,1960
151,0.45,7.851269,NA,7.640604,0,17.2,1965
151,0.5,7.963511,NA,7.762171,0,17.3,1970
151,0.3333333,8.101874,NA,7.885705,0,17.8,1975
151,0.3333333,8.408973,NA,8.043663,0,18.5,1980
151,0.3333333,8.376948,NA,8.191186,0,18.7,1985
151,0.5,8.509608,NA,8.330864,0,19,1990
151,0.5,8.587156,NA,8.454892,0,19.2,1995
151,0.5,8.451826,NA,8.569786,0,19.7,2000
152,NA,NA,NA,3.806663,0,20.8,1960
152,NA,NA,NA,4.248495,0,22.2,1965
152,0.1666667,NA,NA,4.70953,0,22.5,1970
152,0.1666667,NA,NA,5.141664,0,23.4,1975
152,0.3333333,NA,NA,5.433722,0,24.4,1980
152,0.3333333,NA,NA,5.880533,0,27.5,1985
152,0,NA,NA,6.184149,0,29.6,1990
152,0,NA,NA,6.224558,0,29.1,1995
152,0.1666667,NA,NA,6.371424,0,31,2000
153,0.2,6.945526,NA,9.820269,1,28.4,1960
153,0.21,7.315963,NA,9.853614,1,30.2,1965
153,0,7.628484,NA,9.916059,1,30.9,1970
153,0,8.031935,NA,9.963877,1,30.8,1975
153,0,7.664037,NA,10.00789,1,30.7,1980
153,0,8.659968,NA,10.03122,1,31.8,1985
153,0.1666667,8.474678,NA,10.05221,1,32.6,1990
153,0.5,8.46146,NA,10.02928,1,34,1995
153,0.8333333,8.362939,NA,10.01838,1,34.7,2000
154,NA,NA,NA,11.69439,1,27.4,1960
154,NA,NA,NA,11.74993,1,28.5,1965
154,NA,NA,NA,11.77839,1,30.6,1970
154,NA,NA,NA,11.80709,1,30.8,1975
154,NA,NA,NA,11.8423,1,31.3,1980
154,NA,NA,NA,11.87658,1,32.1,1985
154,NA,NA,NA,11.90694,1,33.3,1990
154,0.6666667,8.878406,NA,11.90592,1,35.1,1995
154,0.3333333,8.988348,NA,11.88831,1,36.8,2000
155,0.31,6.843564,NA,7.916443,0,16.5,1960
155,0.3,6.600103,0.3937644,8.065579,0,16.2,1965
155,0,6.787419,0.3073437,8.223627,0,15.9,1970
155,0,6.752532,0.0762765,8.385716,0,15.7,1975
155,0.1666667,7.00038,0.1902888,8.549273,0,15.6,1980
155,0.1666667,6.978871,NA,8.708805,0,15.6,1985
155,0.1666667,6.972079,NA,8.84549,0,16.1,1990
155,0,6.607646,NA,8.647519,0,16.5,1995
155,0,6.797143,NA,8.950144,0,17,2000
156,NA,NA,NA,NA,0,NA,1960
156,NA,NA,NA,NA,0,NA,1965
156,NA,NA,NA,NA,0,NA,1970
156,NA,NA,NA,NA,0,NA,1975
156,NA,NA,NA,NA,0,NA,1980
156,NA,NA,NA,NA,0,NA,1985
156,NA,NA,NA,NA,0,NA,1990
156,NA,NA,NA,NA,0,NA,1995
156,NA,NA,NA,NA,0,NA,2000
157,0.12,NA,NA,8.312626,0,18.4,1960
157,0.1,NA,NA,8.474912,0,18,1965
157,0.1666667,NA,NA,8.656085,0,17.8,1970
157,0.1666667,NA,NA,8.888895,0,17.9,1975
157,0.1666667,NA,NA,9.145482,0,18,1980
157,0.1666667,NA,0.2571787,9.423757,0,18.9,1985
157,0,NA,NA,9.667955,0,19.2,1990
157,0,NA,NA,9.809443,0,19.3,1995
157,0,NA,NA,9.939007,0,20.6,2000
158,NA,NA,NA,NA,0,NA,1960
158,NA,NA,NA,NA,0,NA,1965
158,NA,NA,NA,NA,0,NA,1970
158,NA,NA,NA,NA,0,NA,1975
158,NA,NA,NA,NA,0,NA,1980
158,NA,NA,NA,NA,0,NA,1985
158,NA,NA,NA,NA,0,NA,1990
158,NA,NA,NA,NA,0,NA,1995
158,NA,NA,NA,NA,0,NA,2000
159,0.25,NA,NA,9.339876,0,18.1,1960
159,0.38,NA,NA,9.454854,0,18,1965
159,0.1666667,NA,NA,9.576926,0,17.9,1970
159,0.1666667,NA,NA,9.721006,0,17.7,1975
159,0.3333333,NA,NA,9.868689,0,17.8,1980
159,0.1666667,NA,NA,10.01811,0,18.1,1985
159,0,NA,NA,10.11932,0,18.6,1990
159,0,NA,NA,10.23824,0,19.2,1995
159,0,NA,NA,10.3448,0,19.7,2000
160,NA,7.50525,NA,8.066835,0,18.3,1960
160,NA,7.442279,NA,8.195886,0,17.9,1965
160,0.1666667,7.394487,0.2967543,8.332789,0,17.6,1970
160,0.1666667,7.362354,0.4623823,8.47762,0,17.5,1975
160,0.5,7.287621,0.4328554,8.619389,0,17.3,1980
160,0.6666667,7.306947,0.348141,8.760139,0,16.9,1985
160,0.5,7.316562,NA,8.899322,0,16.7,1990
160,0.5,7.284021,NA,9.023769,0,17,1995
160,0.6666667,7.391289,NA,9.1622,0,17.6,2000
161,NA,NA,NA,NA,1,NA,1960
161,NA,NA,NA,NA,1,NA,1965
161,NA,NA,NA,NA,1,NA,1970
161,NA,NA,NA,NA,1,NA,1975
161,NA,NA,NA,NA,1,NA,1980
161,NA,NA,NA,NA,1,NA,1985
161,NA,NA,NA,NA,1,NA,1990
161,NA,NA,NA,NA,1,NA,1995
161,NA,NA,NA,NA,1,NA,2000
162,0.81,7.678224,0.3753626,7.406104,0,18.8,1960
162,0.77,8.034787,0.3539047,7.542744,0,18.1,1965
162,0.3333333,8.571418,0.3170903,7.637716,0,19.7,1970
162,0.3333333,8.972173,0.3284,7.724447,0,21.9,1975
162,0.3333333,9.34695,0.3666889,7.789041,0,24.5,1980
162,0.5,9.512479,0.2931361,7.914252,0,27.3,1985
162,0.5,9.79439,0.3314763,8.021913,0,29.3,1990
162,0.3333333,10.02757,NA,8.167919,0,31.8,1995
162,0.3333333,NA,NA,8.298539,0,34.5,2000
163,NA,NA,NA,NA,0,NA,1960
163,NA,NA,NA,NA,0,NA,1965
163,NA,NA,NA,NA,0,NA,1970
163,NA,NA,NA,NA,0,NA,1975
163,NA,NA,NA,NA,0,NA,1980
163,NA,NA,NA,NA,0,NA,1985
163,NA,NA,NA,NA,0,NA,1990
163,NA,NA,NA,NA,0,NA,1995
163,NA,NA,NA,NA,0,NA,2000
164,NA,NA,NA,4.770685,0,18.4,1960
164,NA,NA,NA,4.919981,0,18,1965
164,NA,NA,NA,5.081404,0,17.5,1970
164,NA,NA,NA,5.26269,0,16,1975
164,0.8333333,NA,NA,5.433722,0,16.2,1980
164,0.8333333,NA,NA,5.605802,0,16.2,1985
164,1,NA,NA,5.765191,0,16.8,1990
164,1,NA,NA,5.905362,0,17.4,1995
164,0.5,NA,NA,6.037871,0,18,2000
165,0.94,NA,NA,7.714677,0,19.9,1960
165,0.75,7.128407,NA,7.795235,0,19.6,1965
165,0.5,7.310796,NA,7.884576,0,19.2,1970
165,0.1666667,7.255608,NA,7.983099,0,18.8,1975
165,0.3333333,7.119874,NA,8.082093,0,18.5,1980
165,0.3333333,7.098263,NA,8.183677,0,18.3,1985
165,0.1666667,7.157906,NA,8.293799,0,18.2,1990
165,0,6.789893,NA,8.414052,0,18.1,1995
165,0.5,NA,NA,8.523374,0,17.9,2000
166,0.54,8.104618,0.2453808,7.854769,0,17,1960
166,0.72,8.268486,0.2704381,8.01036,0,16.6,1965
166,0.8333333,8.328597,0.2386101,8.188133,0,16.7,1970
166,0.8333333,8.403013,0.272954,8.323608,0,17,1975
166,0.1666667,8.332961,0.2159047,8.430763,0,17.3,1980
166,0.8333333,8.193586,NA,8.470101,0,17.9,1985
166,0.6666667,8.167508,NA,8.539346,0,18.9,1990
166,0.6666667,8.338053,NA,8.642944,0,20.2,1995
166,0.8333333,8.39732,NA,8.744488,0,21.8,2000
167,0.86,NA,NA,7.944492,0,18.1,1960
167,0.77,NA,0.2595583,8.062433,0,17.5,1965
167,0,NA,0.3099542,8.188967,0,17.2,1970
167,0,NA,0.3213172,8.327001,0,16.9,1975
167,0,NA,NA,8.777555,0,16.6,1980
167,0,NA,NA,8.799662,0,16.3,1985
167,0,NA,NA,8.876684,0,16,1990
167,0,NA,NA,8.902184,0,16.1,1995
167,0.1666667,NA,NA,9.080004,0,16,2000
168,NA,NA,NA,4.149464,0,24.6,1960
168,NA,NA,NA,4.22391,0,20.7,1965
168,NA,NA,NA,4.29046,0,16.5,1970
168,0.3333333,6.874294,NA,4.442651,0,16.3,1975
168,0.1666667,6.899385,NA,4.488636,0,16.7,1980
168,0,7.054222,NA,4.60517,0,16.6,1985
168,0.3333333,7.222165,NA,4.744932,0,16.2,1990
168,1,7.180779,NA,4.882802,0,17.2,1995
168,1,NA,NA,4.997212,0,18.4,2000
169,NA,NA,NA,5.669881,0,16.5,1960
169,NA,NA,NA,5.805135,0,16,1965
169,NA,NA,NA,5.918894,0,15.8,1970
169,0.8333333,NA,NA,5.898527,0,16,1975
169,0,NA,NA,5.872118,0,18.4,1980
169,0.1666667,NA,NA,5.950643,0,19.5,1985
169,0.5,NA,NA,5.996452,0,21,1990
169,0.6666667,NA,NA,6.013715,0,22.4,1995
169,1,NA,NA,6.033086,0,23.5,2000
170,NA,NA,NA,8.292624,1,26.8,1960
170,NA,NA,NA,8.383353,1,26.9,1965
170,NA,NA,NA,8.418146,1,28.3,1970
170,NA,NA,NA,8.463645,1,28.1,1975
170,NA,NA,NA,8.514049,1,29,1980
170,NA,NA,NA,8.555028,1,29.9,1985
170,NA,9.391191,NA,8.572249,1,31.3,1990
170,0.8333333,9.153603,NA,8.587405,1,32.5,1995
170,1,9.342241,NA,8.594339,1,34,2000
171,NA,NA,NA,7.365243,1,29.3,1960
171,NA,NA,NA,7.408773,1,30.3,1965
171,NA,NA,NA,7.453852,1,31,1970
171,NA,NA,NA,7.495542,1,31.4,1975
171,NA,NA,NA,7.550241,1,32.1,1980
171,NA,NA,NA,7.587412,1,33.2,1985
171,NA,9.476882,NA,7.599952,1,35.6,1990
171,1,9.451581,NA,7.59589,1,36,1995
171,1,9.664255,NA,7.595387,1,38.1,2000
172,1,9.227096,0.554925,8.919988,0,36.2,1960
172,1,9.447625,0.5289748,8.953382,0,36.2,1965
172,1,9.604271,0.4552794,8.992558,0,35.4,1970
172,0.8333333,9.708359,0.4503383,9.011035,0,35.3,1975
172,1,9.75062,0.3666085,9.025215,0,36.2,1980
172,1,9.836894,0.339958,9.030017,0,38.1,1985
172,1,9.942073,0.52947,9.054739,0,38.3,1990
172,1,9.93772,NA,9.086023,0,38.5,1995
172,1,10.07049,NA,9.090318,0,39.6,2000
173,NA,NA,NA,5.786897,0,17.2,1960
173,NA,NA,0.5250872,5.913503,0,16.4,1965
173,0.5,NA,0.3430422,6.037871,0,16.2,1970
173,0.1666667,NA,0.3943671,6.177944,0,16.2,1975
173,0.3333333,NA,0.4759362,6.336826,0,16,1980
173,0.3333333,NA,0.2313742,6.490724,0,16.1,1985
173,0.1666667,NA,NA,6.64639,0,16.6,1990
173,0.1666667,NA,NA,6.802395,0,16.8,1995
173,0.1666667,8.561657,NA,6.951772,0,17.4,2000
174,NA,8.014518,NA,3.730501,0,NA,1960
174,NA,8.055449,NA,3.86073,0,NA,1965
174,NA,8.316642,NA,3.981549,0,NA,1970
174,NA,8.524745,0.3804633,4.087656,0,NA,1975
174,0.1666667,9.005752,0.3033494,4.165113,0,NA,1980
174,0.1666667,8.819954,NA,4.210645,0,NA,1985
174,0.1666667,9.100372,NA,4.248495,0,NA,1990
174,0.6666667,9.138081,NA,4.32148,0,NA,1995
174,0.6666667,9.234136,NA,4.397285,0,NA,2000
175,0.39,7.246059,0.3358821,8.425297,0,17.3,1960
175,0.2,7.606903,0.3316903,8.580168,0,16.3,1965
175,0,7.405792,0.2269606,8.741456,0,16,1970
175,0.1666667,7.845409,0.2881204,8.914357,0,15.7,1975
175,0.3333333,8.003003,0.3085117,9.071538,0,15.4,1980
175,0.1666667,8.029099,0.2663449,9.249272,0,15.4,1985
175,0,8.043781,NA,9.402282,0,15.9,1990
175,0,8.275031,NA,9.562475,0,17.3,1995
175,0,8.317245,NA,9.692087,0,19,2000
176,0.58,7.100346,NA,8.027476,0,20.6,1960
176,0.48,7.094266,NA,8.111928,0,19.9,1965
176,0.1666667,7.073476,NA,8.203031,0,19.1,1970
176,0,6.977922,NA,8.301521,0,18.5,1975
176,0.1666667,7.398462,NA,8.406709,0,17.9,1980
176,0,6.937676,NA,8.540128,0,17.5,1985
176,0,6.816232,NA,8.65626,0,17.2,1990
176,0.1666667,6.796316,NA,8.810907,0,17,1995
176,0.1666667,6.811872,NA,8.948196,0,16.7,2000
177,NA,6.798084,NA,7.329094,0,18.3,1960
177,0.45,7.017609,NA,7.40062,0,17.8,1965
177,0,7.242382,0.4548652,7.607878,0,17.5,1970
177,0,7.054319,0.3131629,7.724888,0,17.3,1975
177,0,7.228293,0.3798397,7.831617,0,17.1,1980
177,0.1666667,7.168874,NA,7.998335,0,17,1985
177,0.1666667,7.084732,NA,8.146998,0,17.1,1990
177,0.1666667,6.781268,NA,8.271293,0,17.4,1995
177,0.3333333,6.7689,NA,8.417815,0,17.7,2000
178,0.33,6.994959,NA,10.18082,0,18,1960
178,0.17,7.206482,0.1744631,10.33009,0,17.3,1965
178,0,7.507953,0.1641803,10.48417,0,17.4,1970
178,0.8333333,7.638207,0.1995054,10.63004,0,18.2,1975
178,0.6666667,7.91223,0.2186756,10.75188,0,19.5,1980
178,0.6666667,8.092428,0.1527522,10.84244,0,21.3,1985
178,0.8333333,8.483225,NA,10.92585,0,23.4,1990
178,0.6666667,8.819564,NA,10.97866,0,25.4,1995
178,0.8333333,8.833033,NA,11.01416,0,27.5,2000
179,NA,NA,NA,7.639642,1,21.7,1960
179,NA,NA,NA,7.826842,1,18.3,1965
179,NA,NA,NA,7.986505,1,16.9,1970
179,NA,NA,NA,8.143808,1,17.2,1975
179,NA,NA,NA,8.285513,1,18,1980
179,NA,NA,NA,8.429454,1,18.5,1985
179,NA,NA,NA,8.576028,1,18.3,1990
179,0,NA,NA,8.67163,1,18.9,1995
179,0.1666667,7.185798,NA,8.731174,1,19.9,2000
180,NA,NA,NA,7.374002,1,21.9,1960
180,NA,NA,NA,7.544861,1,18.8,1965
180,NA,NA,NA,7.6912,1,17.6,1970
180,NA,NA,NA,7.832014,1,17.9,1975
180,NA,NA,NA,7.958927,1,18.7,1980
180,NA,NA,NA,8.080237,1,19.5,1985
180,NA,NA,NA,8.207402,1,19.7,1990
180,0,NA,NA,8.41936,1,20.2,1995
180,0,NA,NA,8.572628,1,21.6,2000
181,NA,NA,NA,4.158883,0,16.1,1960
181,NA,NA,NA,4.304065,0,16.4,1965
181,0.5,NA,NA,4.454347,0,16.7,1970
181,0.3333333,NA,NA,4.49981,0,16.9,1975
181,0.3333333,NA,NA,4.543295,0,17.8,1980
181,0.3333333,NA,NA,4.553877,0,18.5,1985
181,0.6666667,NA,NA,4.564348,0,20,1990
181,0.3333333,NA,NA,4.574711,0,20,1995
181,0.3333333,NA,NA,4.607168,0,20.3,2000
182,0.94,8.382496,NA,6.736967,0,18.6,1960
182,0.85,8.62865,0.3198383,6.79794,0,18.6,1965
182,0.8333333,8.792037,0.3914347,6.878326,0,18.5,1970
182,0.8333333,8.900778,0.4369494,6.919684,0,20,1975
182,0.8333333,9.168795,0.7065415,6.986567,0,21.6,1980
182,1,9.203589,NA,7.071573,0,22.8,1985
182,1,9.078541,NA,7.102499,0,24.1,1990
182,1,9.126772,NA,7.140453,0,25.5,1995
182,0.8333333,9.321452,NA,7.170888,0,27.6,2000
183,0.84,NA,0.3966585,8.347827,0,18.9,1960
183,0.64,7.683999,0.4569526,8.440312,0,17.2,1965
183,0.1666667,7.851063,0.4263296,8.542276,0,16.8,1970
183,0.1666667,8.194864,0.4800358,8.632484,0,17.7,1975
183,0.1666667,8.3811,NA,8.76155,0,18.5,1980
183,0.3333333,8.475858,NA,8.890184,0,19.5,1985
183,0.3333333,8.504511,NA,9.006313,0,20.7,1990
183,0.1666667,8.614884,NA,9.100246,0,22.5,1995
183,0.1666667,8.821177,NA,9.165709,0,24.4,2000
184,0.59,7.8965,0.3125236,10.22227,0,19.5,1960
184,0.76,8.013696,0.2651511,10.3466,0,18.8,1965
184,0.6666667,8.19382,0.2663003,10.47223,0,19,1970
184,0.8333333,8.375748,0.3800739,10.59726,0,19,1975
184,0.3333333,8.359807,0.2419912,10.70288,0,19.4,1980
184,0.6666667,8.494387,0.1725954,10.82548,0,20.3,1985
184,0.8333333,8.655212,0.2536523,10.93585,0,21.3,1990
184,0.3333333,8.717897,NA,11.03064,0,22.7,1995
184,0.5,8.829385,NA,11.1187,0,24.2,2000
185,NA,NA,NA,NA,0,NA,1960
185,NA,NA,NA,NA,0,NA,1965
185,NA,NA,NA,NA,0,NA,1970
185,NA,NA,NA,NA,0,NA,1975
185,NA,NA,NA,NA,0,NA,1980
185,NA,NA,NA,NA,0,NA,1985
185,NA,NA,NA,NA,0,NA,1990
185,NA,NA,NA,NA,0,NA,1995
185,NA,NA,NA,NA,0,NA,2000
186,NA,7.265564,NA,NA,0,NA,1960
186,0.23,7.585199,NA,NA,0,NA,1965
186,0.1666667,7.93372,0.2650118,NA,0,NA,1970
186,0.1666667,8.273167,0.3465604,NA,0,NA,1975
186,0.3333333,8.677489,0.387109,NA,0,NA,1980
186,0.3333333,8.924109,0.4087705,NA,0,NA,1985
186,0.6666667,9.303891,0.4120382,NA,0,NA,1990
186,0.6666667,9.601359,NA,NA,0,NA,1995
186,1,NA,NA,NA,0,NA,2000
187,NA,5.944191,NA,9.230633,0,17,1960
187,0.63,6.185551,0.435708,9.374244,0,16.9,1965
187,0.1666667,6.336952,0.398132,9.524714,0,16.6,1970
187,0.1666667,6.359638,0.3117196,9.674074,0,16.1,1975
187,0.1666667,6.40638,0.34135,9.829895,0,16.1,1980
187,0.1666667,6.449449,0.2489527,9.988518,0,16.2,1985
187,0.1666667,6.201927,NA,10.14526,0,16.4,1990
187,0.3333333,6.14666,NA,10.29708,0,16.6,1995
187,0.5,6.17768,NA,10.42513,0,16.8,2000
188,0.77,6.32879,0.3902048,8.789051,0,16.9,1960
188,0.69,6.36559,0.426775,8.993054,0,16.8,1965
188,0,6.409434,NA,9.191361,0,16.5,1970
188,0,6.425271,NA,9.32613,0,16.3,1975
188,0.3333333,6.093689,NA,9.45774,0,16.1,1980
188,0.3333333,6.474236,NA,9.556338,0,16,1985
188,0.1666667,6.53124,NA,9.700759,0,15.8,1990
188,0.3333333,6.692755,NA,9.863707,0,15.4,1995
188,0.1666667,6.846763,NA,10.0083,0,15.1,2000
189,NA,NA,NA,10.66569,1,29.8,1960
189,NA,NA,NA,10.72272,1,30.2,1965
189,NA,NA,NA,10.76577,1,32.2,1970
189,NA,NA,NA,10.7999,1,33.6,1975
189,NA,NA,NA,10.82064,1,33.8,1980
189,NA,NA,NA,10.83795,1,34.2,1985
189,NA,9.200294,NA,10.85692,1,35,1990
189,0.6666667,8.486305,NA,10.84994,1,35.9,1995
189,0.5,8.438646,NA,10.80975,1,37.3,2000
190,NA,NA,NA,NA,0,NA,1960
190,NA,NA,NA,NA,0,NA,1965
190,NA,NA,NA,NA,0,NA,1970
190,NA,NA,NA,NA,0,NA,1975
190,NA,NA,NA,NA,0,NA,1980
190,NA,NA,NA,NA,0,NA,1985
190,NA,NA,NA,NA,0,NA,1990
190,NA,NA,NA,NA,0,NA,1995
190,NA,NA,NA,NA,0,NA,2000
191,1,8.678337,NA,7.839132,0,28.9,1960
191,1,8.622192,0.3397032,7.898411,0,29.3,1965
191,0.6666667,8.721114,NA,7.940228,0,29.6,1970
191,0.3333333,8.779673,0.3525009,7.947679,0,30,1975
191,0.3333333,8.990587,0.2468986,7.977282,0,30.1,1980
191,0.8333333,8.731979,0.2639832,8.009363,0,30.3,1985
191,1,8.890516,0.2334082,8.041091,0,30.7,1990
191,0.8333333,9.081685,NA,8.076515,0,31.1,1995
191,1,9.17177,NA,8.112827,0,31.4,2000
192,0.95,9.415136,0.4822736,12.10443,0,29.6,1960
192,0.92,9.594625,0.4668814,12.17717,0,28.3,1965
192,1,9.70207,0.4300049,12.23102,0,28.2,1970
192,1,9.800418,0.4061264,12.28291,0,28.8,1975
192,1,9.96813,0.396186,12.3337,0,30.1,1980
192,1,10.07001,0.3568531,12.37971,0,31.4,1985
192,1,10.18331,0.3549913,12.42697,0,32.8,1990
192,1,10.25446,NA,12.48673,0,34,1995
192,1,10.4131,NA,12.55046,0,35.2,2000
193,0.2,NA,NA,12.05271,1,NA,1960
193,0.18,NA,NA,12.13174,1,NA,1965
193,0.1666667,NA,NA,12.18329,1,NA,1970
193,0,NA,NA,12.23248,1,NA,1975
193,0.1666667,NA,NA,12.28168,1,NA,1980
193,0,NA,NA,12.33075,1,NA,1985
193,0.3333333,NA,NA,12.37665,1,NA,1990
193,NA,NA,NA,12.39018,1,NA,1995
193,NA,NA,NA,12.38717,1,NA,2000
194,NA,NA,NA,9.059285,1,22.4,1960
194,NA,NA,NA,9.240191,1,19.2,1965
194,NA,NA,NA,9.390409,1,17.6,1970
194,NA,NA,NA,9.540938,1,17.9,1975
194,NA,NA,NA,9.67734,1,18.8,1980
194,NA,NA,NA,9.80433,1,19.5,1985
194,NA,NA,NA,9.928668,1,19.4,1990
194,0,7.841262,NA,10.03386,1,20.1,1995
194,0,NA,NA,10.11642,1,21.5,2000
195,NA,NA,NA,4.382027,0,15.2,1960
195,NA,NA,NA,4.430817,0,14.8,1965
195,NA,NA,NA,4.477337,0,15.1,1970
195,NA,NA,NA,4.530447,0,16,1975
195,0.8333333,8.06021,NA,4.582924,0,17.4,1980
195,0.8333333,8.382401,NA,4.62791,0,19,1985
195,1,8.585469,NA,4.673296,0,20.3,1990
195,0.8333333,8.723261,NA,4.70953,0,20.8,1995
195,0.8333333,8.874647,NA,4.744932,0,22.7,2000
196,0.72,8.967084,0.2887116,8.933137,0,17.2,1960
196,0.73,9.203649,0.2926324,9.11537,0,16.8,1965
196,0.8333333,9.261748,0.3120439,9.27996,0,17.1,1970
196,0.8333333,9.01757,0.2939294,9.452031,0,18.1,1975
196,1,8.983068,0.2906552,9.621854,0,19.1,1980
196,1,8.825475,0.2456199,9.749054,0,20,1985
196,1,8.84677,0.1899741,9.878272,0,20.9,1990
196,0.6666667,8.866961,NA,9.991681,0,21.9,1995
196,0.6666667,8.767203,NA,10.09287,0,23.1,2000
197,NA,NA,NA,10.45573,0,22.2,1960
197,NA,NA,NA,10.55428,0,19.4,1965
197,NA,NA,NA,10.66263,0,18,1970
197,NA,NA,NA,10.77958,0,18.2,1975
197,0,NA,NA,10.89117,0,18.6,1980
197,0,NA,NA,10.98305,0,19.5,1985
197,0,7.083342,NA,11.10044,0,20.2,1990
197,0,7.327942,NA,11.19794,0,21.3,1995
197,0,NA,NA,11.27114,0,23.1,2000
198,0.31,NA,NA,NA,0,NA,1960
198,0.33,NA,NA,NA,0,NA,1965
198,0,NA,NA,NA,0,NA,1970
198,0,NA,NA,NA,0,NA,1975
198,NA,NA,NA,NA,0,NA,1980
198,NA,NA,NA,NA,0,NA,1985
198,NA,NA,NA,NA,0,NA,1990
198,NA,NA,NA,NA,0,NA,1995
198,NA,NA,NA,NA,0,NA,2000
199,0.55,NA,NA,NA,0,NA,1960
199,0.12,NA,NA,NA,0,NA,1965
199,0.5,NA,NA,NA,0,NA,1970
199,0,NA,NA,NA,0,NA,1975
199,NA,NA,NA,NA,0,NA,1980
199,NA,NA,NA,NA,0,NA,1985
199,NA,NA,NA,NA,0,NA,1990
199,NA,NA,NA,NA,0,NA,1995
199,NA,NA,NA,NA,0,NA,2000
200,NA,NA,NA,4.174387,0,16.5,1960
200,NA,NA,NA,4.304065,0,16.6,1965
200,NA,NA,NA,4.41884,0,17.2,1970
200,NA,NA,NA,4.584968,0,17.1,1975
200,0.8333333,NA,NA,4.745454,0,17.2,1980
200,0.8333333,NA,NA,4.860587,0,17.7,1985
200,0.8333333,NA,NA,4.992471,0,18.1,1990
200,1,NA,NA,5.126342,0,18.4,1995
200,1,NA,NA,5.283204,0,18.6,2000
201,NA,NA,NA,NA,0,NA,1960
201,NA,NA,NA,NA,0,NA,1965
201,NA,NA,NA,NA,0,NA,1970
201,NA,NA,NA,NA,0,NA,1975
201,NA,NA,NA,NA,0,NA,1980
201,NA,NA,NA,NA,0,NA,1985
201,NA,NA,NA,NA,0,NA,1990
201,NA,NA,NA,NA,0,NA,1995
201,NA,NA,NA,NA,0,NA,2000
202,NA,NA,NA,NA,0,15.6,1960
202,NA,NA,0.3288063,NA,0,15.1,1965
202,0.5,NA,NA,NA,0,15.9,1970
202,0.5,NA,NA,NA,0,16.9,1975
202,0.5,NA,NA,NA,0,18.2,1980
202,0.5,NA,NA,NA,0,19.2,1985
202,0.8333333,NA,NA,NA,0,18.7,1990
202,0.8333333,NA,NA,NA,0,18.9,1995
202,0.8333333,NA,NA,NA,0,19.1,2000
203,NA,NA,NA,8.565412,0,17,1960
203,NA,NA,NA,8.672999,0,16.4,1965
203,NA,NA,NA,8.753371,0,15.8,1970
203,NA,NA,NA,8.852379,0,15.1,1975
203,NA,NA,NA,9.052282,0,15.1,1980
203,NA,NA,NA,9.218101,0,14.7,1985
203,0.1666667,7.003024,NA,9.382275,0,14.4,1990
203,0.3333333,6.775308,NA,9.62905,0,15.1,1995
203,0.3333333,6.705804,NA,9.770365,0,15.4,2000
204,0.12,NA,NA,NA,0,NA,1960
204,0.06,NA,NA,NA,0,NA,1965
204,0.5,NA,NA,NA,0,NA,1970
204,0.1666667,NA,NA,NA,0,NA,1975
204,0.1666667,NA,NA,NA,0,NA,1980
204,0.3333333,NA,NA,NA,0,NA,1985
204,NA,NA,NA,NA,0,NA,1990
204,NA,NA,NA,NA,0,NA,1995
204,NA,NA,NA,NA,0,NA,2000
205,NA,NA,NA,NA,0,NA,1960
205,NA,NA,NA,NA,0,NA,1965
205,0,NA,NA,NA,0,NA,1970
205,0,NA,NA,NA,0,NA,1975
205,0.1666667,NA,NA,NA,0,NA,1980
205,0.1666667,NA,NA,NA,0,NA,1985
205,NA,NA,NA,NA,0,NA,1990
205,NA,NA,NA,NA,0,NA,1995
205,NA,NA,NA,NA,0,NA,2000
206,NA,NA,NA,NA,1,27.7,1960
206,NA,NA,NA,NA,1,28.8,1965
206,NA,NA,NA,NA,1,30.2,1970
206,NA,NA,NA,NA,1,30,1975
206,NA,NA,NA,NA,1,31.2,1980
206,NA,NA,NA,NA,1,32.2,1985
206,NA,NA,NA,NA,1,33.4,1990
206,0.1666667,NA,NA,NA,1,34.4,1995
206,0.5,NA,NA,NA,1,35.4,2000
207,0.43,NA,NA,8.906528,1,NA,1960
207,0.51,NA,NA,8.959311,1,NA,1965
207,0.1666667,NA,NA,9.184407,1,NA,1970
207,0.1666667,NA,NA,9.234936,1,NA,1975
207,0.1666667,NA,NA,9.26568,1,NA,1980
207,0.1666667,NA,NA,9.304377,1,NA,1985
207,0.3333333,NA,NA,9.31704,1,NA,1990
207,NA,NA,NA,9.212439,1,NA,1995
207,NA,NA,NA,9.247925,1,NA,2000
208,0.65,8.509544,0.4537829,9.763995,0,19.7,1960
208,0.59,8.682797,0.4746331,9.895052,0,19.3,1965
208,0.8333333,8.836061,0.5020504,10.00274,0,18.6,1970
208,0.5,8.930145,0.4949903,10.11569,0,18.5,1975
208,0.3333333,8.980937,0.5062177,10.2247,0,18.8,1980
208,0.3333333,8.966209,0.502871,10.35163,0,19.3,1985
208,0.3333333,8.960091,0.5136679,10.4688,0,20.3,1990
208,1,8.884942,NA,10.57439,0,21.4,1995
208,1,8.928168,NA,10.66432,0,22.6,2000
209,0.5,6.887443,NA,9.637763,0,17.9,1960
209,0.38,6.854628,0.3875858,9.773265,0,17.7,1965
209,0,6.96187,NA,9.920738,0,17.5,1970
209,0,6.868011,NA,10.04971,0,17.2,1975
209,0.1666667,6.583971,NA,10.20018,0,16.8,1980
209,0,6.466287,NA,10.35294,0,16.6,1985
209,0.1666667,6.349827,NA,10.51865,0,16.4,1990
209,0,5.773925,NA,10.68848,0,16.3,1995
209,0,NA,NA,10.83856,0,16.5,2000
210,NA,7.095546,0.4056118,8.052297,0,17.3,1960
210,0.67,7.288107,0.365698,8.192571,0,17.2,1965
210,0.3333333,7.196794,0.2962115,8.340218,0,16.8,1970
210,0.3333333,7.210035,0.2608426,8.484877,0,16.2,1975
210,0.3333333,7.122066,0.2801633,8.654866,0,16,1980
210,0.3333333,6.995224,0.2671528,8.809863,0,16.3,1985
210,0.1666667,6.928319,NA,8.959826,0,16.8,1990
210,0.6666667,6.702427,NA,9.102756,0,16.9,1995
210,0.3333333,6.793074,NA,9.219201,0,16.7,2000
211,NA,7.116216,0.471626,8.221747,0,17.5,1960
211,NA,7.272482,0.458722,8.383662,0,16.4,1965
211,0.1666667,7.675437,0.4118744,8.54811,0,15.8,1970
211,0.1666667,7.831994,0.4316869,8.716208,0,15.6,1975
211,0.6666667,7.876341,0.394348,8.872487,0,15.4,1980
211,0.5,7.913739,0.3246103,9.061492,0,16,1985
211,0.1666667,7.977293,0.2641325,9.234155,0,16.7,1990
211,0.3333333,7.882274,NA,9.347926,0,17,1995
211,0.1666667,7.818621,NA,9.443593,0,17.5,2000
