obs,AdjClose,ReturnO
"2010-04-06",7604.439941,0.0461754669327519
"2010-04-07",7546.180176,-0.766128281004463
"2010-04-08",7565.330078,0.253769477449062
"2010-04-09",7629.049805,0.842259707680126
"2010-04-12",7641.75,0.166471517746247
"2010-04-13",7638.350098,-0.0444911440442342
"2010-04-14",7728.959961,1.18624914853962
"2010-04-15",7719.660156,-0.120324145123352
"2010-04-16",7584.620117,-1.74930030948373
"2010-04-19",7596.560059,0.157423072162022
"2010-04-20",7669.109863,0.955034955776424
"2010-04-21",7644.669922,-0.31868028280454
"2010-04-22",7642.830078,-0.0240670168728307
"2010-04-23",7701.609863,0.769084022542876
"2010-04-26",7677.649902,-0.311103281342617
"2010-04-27",7463.089844,-2.794605911167
"2010-04-28",7499.720215,0.490820447906692
"2010-04-29",7589.290039,1.19430887329441
"2010-04-30",7474.399902,-1.5138456484019
"2010-05-03",7543.120117,0.919407790605531
"2010-05-04",7337.25,-2.72924352001275
"2010-05-05",7258.02002,-1.07983208967938
"2010-05-06",7011.919922,-3.39073324848723
"2010-05-07",6916.180176,-1.36538561570869
"2010-05-10",7257.620117,4.93682831145492
"2010-05-11",7221.660156,-0.495478688885476
"2010-05-12",7316.359863,1.31132876588385
"2010-05-13",7234.370117,-1.12063577428216
"2010-05-14",7077.640137,-2.16646338886783
"2010-05-17",7063.830078,-0.195122367521983
"2010-05-18",6959.209961,-1.48106786042087
"2010-05-19",6927.209961,-0.459822309993962
"2010-05-20",6653,-3.95844737699296
"2010-05-21",6775.450195,1.84052600330678
"2010-05-24",6666.740234,-1.60446845407002
"2010-05-25",6665.830078,-0.0136521893467245
"2010-05-26",6631.359863,-0.517118117273441
"2010-05-27",6893.290039,3.94987123925294
"2010-05-28",6791.569824,-1.47564101357263
"2010-06-01",6661.100098,-1.92105403288275
"2010-06-02",6839.609863,2.67988413886164
"2010-06-03",6860.390137,0.303822504736928
"2010-06-04",6600.27002,-3.79162280578039
"2010-06-07",6512.419922,-1.33100763656333
"2010-06-08",6596.120117,1.28523952697288
"2010-06-09",6559.709961,-0.551993525802563
"2010-06-10",6783.509766,3.41173323714885
"2010-06-11",6814.759766,0.460675978630265
"2010-06-14",6817.970215,0.0471102300042547
"2010-06-15",6989.879883,2.52142004994076
"2010-06-16",6976.080078,-0.197425495587733
"2010-06-17",6982.040039,0.0854342400511632
"2010-06-18",6988.25,0.0889419276502545
"2010-06-21",6978.859863,-0.134370364540481
"2010-06-22",6858.950195,-1.71818420707553
"2010-06-23",6850.049805,-0.129763152479057
"2010-06-24",6730.240234,-1.74903211524897
"2010-06-25",6763.930176,0.500575623286137
"2010-06-28",6736.600098,-0.404056181670431
"2010-06-29",6520.089844,-3.21393953701183
"2010-06-30",6469.649902,-0.77360808220176
"2010-07-01",6462.029785,-0.117782524795429
"2010-07-02",6434.810059,-0.421225635065681
"2010-07-06",6486.089844,0.796912178134579
"2010-07-07",6685.779785,3.07874151920242
"2010-07-08",6755.810059,1.0474511014724
"2010-07-09",6808.709961,0.783028260682461
"2010-07-12",6794.47998,-0.208996727449229
"2010-07-13",6907.779785,1.66752724761137
"2010-07-14",6903.359863,-0.0639846975087122
"2010-07-15",6916.810059,0.194835504260604
"2010-07-16",6709.509766,-2.99705053676103
"2010-07-19",6739.640137,0.449069634754595
"2010-07-20",6820.040039,1.19294057791917
"2010-07-21",6731.160156,-1.30321643995851
"2010-07-22",6901.910156,2.53670980993963
"2010-07-23",6965.109863,0.915684289878205
"2010-07-26",7046,1.16136196831158
"2010-07-27",7044.990234,-0.0143310530797636
"2010-07-28",6999.180176,-0.650250127798824
"2010-07-29",6994.569824,-0.0658698859590467
"2010-07-30",6998.990234,0.0631977392638428
"2010-08-02",7174.899902,2.51335781475246
"2010-08-03",7146.990234,-0.388990346641915
"2010-08-04",7182.140137,0.491814062271745
"2010-08-05",7174.27002,-0.109578995255966
"2010-08-06",7153.720215,-0.286437574034881
"2010-08-09",7188.299805,0.48337912248082
"2010-08-10",7139.75,-0.675400391149927
"2010-08-11",6902.709961,-3.32000474806542
"2010-08-12",6881.939941,-0.300896606077172
"2010-08-13",6861.040039,-0.303692013867851
"2010-08-16",6871.580078,0.153621592937614
"2010-08-17",6959.790039,1.28369254230789
"2010-08-18",6968.080078,0.11911334901693
"2010-08-19",6850.450195,-1.68812472995807
"2010-08-20",6813.149902,-0.54449403963589
"2010-08-23",6784.970215,-0.413607324150134
"2010-08-24",6681.029785,-1.53192168434597
"2010-08-25",6696.120117,0.225868353915759
"2010-08-26",6665.259766,-0.460869137064202
"2010-08-27",6794.910156,1.94516634837485
"2010-08-30",6695.279785,-1.46625001232761
"2010-08-31",6704.149902,0.132483141628725
"2010-09-01",6910.97998,3.0851052113005
"2010-09-02",6966.25,0.799742151763549
"2010-09-03",7055.029785,1.27442720258388
"2010-09-07",6959.939941,-1.34783051096644
"2010-09-08",6999.939941,0.574717603012154
"2010-09-09",7034.370117,0.491863877264676
"2010-09-10",7067.509766,0.471110397218233
"2010-09-13",7156.180176,1.25462026846528
"2010-09-14",7162.080078,0.0824448498346397
"2010-09-15",7179.790039,0.247273987544494
"2010-09-16",7169.47998,-0.143598335661588
"2010-09-17",7154.649902,-0.206850120808899
"2010-09-20",7266.02002,1.55661170742776
"2010-09-21",7245.950195,-0.276214832119326
"2010-09-22",7210.850098,-0.484409857305135
"2010-09-23",7141.509766,-0.961611059134793
"2010-09-24",7301.040039,2.23384519838519
"2010-09-27",7263.370117,-0.515952820403376
"2010-09-28",7310.319824,0.646390122542617
"2010-09-29",7299.310059,-0.150605791060665
"2010-09-30",7281.069824,-0.249889850582663
"2010-10-01",7335.910156,0.753190579483709
"2010-10-04",7272.529785,-0.863974198868311
"2010-10-05",7434.180176,2.22275323414163
"2010-10-06",7448.330078,0.190335742005288
"2010-10-07",7425.009766,-0.313094502469491
"2010-10-08",7478.419922,0.719327754214838
"2010-10-11",7479.009766,0.00788728108547243
"2010-10-12",7489.620117,0.141868393436728
"2010-10-13",7561.5,0.959726686762741
"2010-10-14",7546.589844,-0.197185161674274
"2010-10-15",7520.600098,-0.344390599426359
"2010-10-18",7571.100098,0.671488968193246
"2010-10-19",7423.649902,-1.94753990954301
"2010-10-20",7523.810059,1.34920367100038
"2010-10-21",7515.669922,-0.108191686607817
"2010-10-22",7522.910156,0.0963351780365773
"2010-10-25",7546.379883,0.311976702011796
"2010-10-26",7530.799805,-0.206457642492897
"2010-10-27",7480.870117,-0.663006444107683
"2010-10-28",7504.850098,0.320550692966926
"2010-10-29",7513.350098,0.113260090328327
"2010-11-01",7509.209961,-0.0551037412871547
"2010-11-02",7582.140137,0.971209706197751
"2010-11-03",7608.410156,0.346472348510218
"2010-11-04",7782.430176,2.28720608421416
"2010-11-05",7800.660156,0.234245339665473
"2010-11-08",7782.200195,-0.23664613802975
"2010-11-09",7702.310059,-1.02657518437175
"2010-11-10",7747.459961,0.586186503193842
"2010-11-11",7723.240234,-0.31261506509126
"2010-11-12",7623.240234,-1.29479333764305
"2010-11-15",7617.509766,-0.0751710273335204
"2010-11-16",7472.629883,-1.9019323565118
"2010-11-17",7488.759766,0.215852828957797
"2010-11-18",7619.939941,1.75169426045119
"2010-11-19",7641.080078,0.27743180607307
"2010-11-22",7610.299805,-0.402826206318951
"2010-11-23",7470.77002,-1.83343348587039
"2010-11-24",7579.259766,1.45218960976663
"2010-11-26",7500.540039,-1.03862025356527
"2010-11-29",7483.339844,-0.22931942114256
"2010-11-30",7430.939941,-0.700220811727714
"2010-12-01",7603.72998,2.325278368173
"2010-12-02",7712.25,1.42719455169291
"2010-12-03",7751.580078,0.509968919575998
"2010-12-06",7740.689941,-0.140489253680132
"2010-12-07",7739.640137,-0.0135621502476035
"2010-12-08",7750.319824,0.137986867747819
"2010-12-09",7782.140137,0.410567740720369
"2010-12-10",7823.299805,0.528899085282553
"2010-12-13",7850.02002,0.34154660649619
"2010-12-14",7855.220215,0.06624435334881
"2010-12-15",7798.779785,-0.71850856443495
"2010-12-16",7840.240234,0.531627384578082
"2010-12-17",7835.310059,-0.0628829583386947
"2010-12-20",7846.959961,0.148684632928053
"2010-12-21",7906.100098,0.753669412026214
"2010-12-22",7931.759766,0.324555314022534
"2010-12-23",7925.359863,-0.080687050400019
"2010-12-27",7920.939941,-0.0557693540281345
"2010-12-28",7931.669922,0.135463481353515
"2010-12-29",7961.47998,0.375835836502936
"2010-12-30",7951.910156,-0.12020157086422
"2010-12-31",7964.02002,0.15228874273514
"2011-01-03",8043.970215,1.00389244124477
"2011-01-04",8022.180176,-0.270886619636745
"2011-01-05",8040.040039,0.222631038049137
"2011-01-06",8000.899902,-0.486815200050528
"2011-01-07",7980.319824,-0.25722204067139
"2011-01-10",7966.089844,-0.178313404898944
"2011-01-11",8018.680176,0.660177490210079
"2011-01-12",8122.97998,1.30071036268751
"2011-01-13",8119.430176,-0.0437007601734929
"2011-01-14",8174.120117,0.673568708819694
"2011-01-18",8190.910156,0.205404847979662
"2011-01-19",8104.919922,-1.04982513984737
"2011-01-20",8076.720215,-0.347933197013517
"2011-01-21",8105.75,0.359425413128545
"2011-01-24",8157.419922,0.637447762390897
"2011-01-25",8141.129883,-0.199695971958824
"2011-01-26",8193.639648,0.644993578958242
"2011-01-27",8207.05957,0.163784625349916
"2011-01-28",8062.640137,-1.75969763309515
"2011-01-31",8139.160156,0.949069010891912
"2011-02-01",8290.089844,1.85436439518565
"2011-02-02",8272.570312,-0.211331026921013
"2011-02-03",8289.049805,0.199206442235922
"2011-02-04",8288.5,-0.00663290742527467
"2011-02-07",8336.639648,0.580800482596366
"2011-02-08",8379.849609,0.518313886943256
"2011-02-09",8343.990234,-0.427923849152223
"2011-02-10",8337.129883,-0.082219067947209
"2011-02-11",8374.889648,0.452910840180087
"2011-02-14",8405.150391,0.361327065452444
"2011-02-15",8383.669922,-0.255563172587614
"2011-02-16",8453.759766,0.83602819113946
"2011-02-17",8497.410156,0.516342919697776
"2011-02-18",8507.900391,0.123452143740432
"2011-02-22",8325.860352,-2.13965879516607
"2011-02-23",8292.919922,-0.395639953198201
"2011-02-24",8276.290039,-0.200531093467848
"2011-02-25",8378.040039,1.22941558984193
"2011-02-28",8438.549805,0.722242502044956
"2011-03-01",8315.849609,-1.45404363113787
"2011-03-02",8338.759766,0.275499895707632
"2011-03-03",8465.450195,1.51929582522046
"2011-03-04",8413.049805,-0.618991179358053
"2011-03-07",8337.019531,-0.90371833951125
"2011-03-08",8394.040039,0.683943557862343
"2011-03-09",8379.44043,-0.173928274491986
"2011-03-10",8200.070312,-2.14059780600411
"2011-03-11",8248.530273,0.590970066794227
"2011-03-14",8193.959961,-0.661576186228297
"2011-03-15",8092.109863,-1.24298993996513
"2011-03-16",7929.870117,-2.00491279464479
"2011-03-17",8064.859863,1.70229453961182
"2011-03-18",8116.399902,0.639069244543933
"2011-03-21",8256.360352,1.72441540202462
"2011-03-22",8228.410156,-0.338529264813758
"2011-03-23",8248.830078,0.248163638088839
"2011-03-24",8311.610352,0.761080946102122
"2011-03-25",8321.780273,0.12235800969127
"2011-03-28",8296.519531,-0.303549735408881
"2011-03-29",8345.379883,0.588925896183734
"2011-03-30",8416.69043,0.854491323340056
"2011-03-31",8404.980469,-0.139127856696053
"2011-04-01",8469.339844,0.765729025039086
"2011-04-04",8482.410156,0.154325038795777
"2011-04-05",8488.389648,0.0704928421289663
"2011-04-06",8508.230469,0.233740695500173
"2011-04-07",8489.330078,-0.222142442766016
"2011-04-08",8483.94043,-0.0634873182039142
"2011-04-11",8445.769531,-0.449919460360948
"2011-04-12",8360.459961,-1.01008640700971
"2011-04-13",8367.30957,0.0819286143579623
"2011-04-14",8374.160156,0.0818732227209962
"2011-04-15",8400.30957,0.312263122663881
"2011-04-18",8277.110352,-1.4666033075731
"2011-04-19",8332.030273,0.663515631233924
"2011-04-20",8457.650391,1.50767716731746
"2011-04-21",8504.360352,0.552280584329967
"2011-04-25",8485.25,-0.224712397041194
"2011-04-26",8554.990234,0.821899578680663
"2011-04-27",8609.280273,0.634600829633158
"2011-04-28",8639.730469,0.353690378689331
"2011-04-29",8671.410156,0.366674482655083
"2011-05-02",8649.610352,-0.251398603085529
"2011-05-03",8584.679688,-0.750677329470528
"2011-05-04",8506.610352,-0.909403016039478
"2011-05-05",8397.400391,-1.28382465495582
"2011-05-06",8425.900391,0.339390748005131
"2011-05-09",8478.19043,0.620586958942138
"2011-05-10",8550.490234,0.852774004039447
"2011-05-11",8428.089844,-1.43150143033075
"2011-05-12",8456.179688,0.333288378742158
"2011-05-13",8371.669922,-0.999384699924566
"2011-05-16",8336.589844,-0.419033219499154
"2011-05-17",8333.070312,-0.0422178860404521
"2011-05-18",8407.480469,0.892950067790088
"2011-05-19",8427.950195,0.243470396101131
"2011-05-20",8357.530273,-0.835552184940258
"2011-05-23",8236.549805,-1.4475624263168
"2011-05-24",8252.459961,0.193165298294451
"2011-05-25",8295.370117,0.519968060466658
"2011-05-26",8341.660156,0.558022587866636
"2011-05-27",8386.339844,0.535621053416602
"2011-05-31",8477.280273,1.08438759568112
"2011-06-01",8281.589844,-2.30841051254694
"2011-06-02",8277.759766,-0.046248100571844
"2011-06-03",8222.150391,-0.671792569149077
"2011-06-06",8115.870117,-1.29260921955811
"2011-06-07",8131.689941,0.194924558573972
"2011-06-08",8081.350098,-0.619057580469051
"2011-06-09",8149.649902,0.845153386151454
"2011-06-10",8016.390137,-1.63515938233489
"2011-06-13",8017.060059,0.00835690365053043
"2011-06-14",8132.77002,1.44329667170326
"2011-06-15",7967.810059,-2.02833672407227
"2011-06-16",7963.600098,-0.0528371154536411
"2011-06-17",8000.109863,0.458458040970311
"2011-06-20",8032.220215,0.401373887982581
"2011-06-21",8156.27002,1.5444024401664
"2011-06-22",8101.839844,-0.667341515993602
"2011-06-23",8054.080078,-0.589492842608708
"2011-06-24",7974.720215,-0.985337397088637
"2011-06-27",8031.080078,0.706731540173533
"2011-06-28",8135.97998,1.30617427520563
"2011-06-29",8228.5,1.13717118561543
"2011-06-30",8319.099609,1.10104647262563
"2011-07-01",8425.480469,1.27875449267263
"2011-07-05",8404.629883,-0.247470587306164
"2011-07-06",8396.480469,-0.0969633893871169
"2011-07-07",8476.129883,0.948604767129124
"2011-07-08",8410.19043,-0.77794292808383
"2011-07-11",8228.730469,-2.1576201218074
"2011-07-12",8192.75,-0.437254192922576
"2011-07-13",8246.799805,0.659727258856924
"2011-07-14",8191.129883,-0.675048786394072
"2011-07-15",8227.040039,0.438402961654027
"2011-07-18",8135.529785,-1.11231078937502
"2011-07-19",8254.379883,1.46087717875647
"2011-07-20",8281.830078,0.332553085623499
"2011-07-21",8411.450195,1.56511442252749
"2011-07-22",8408.200195,-0.0386378082810501
"2011-07-25",8357.570312,-0.602148876404096
"2011-07-26",8331.669922,-0.309903345507156
"2011-07-27",8153.209961,-2.14194708468672
"2011-07-28",8124.029785,-0.357898007528079
"2011-07-29",8079.439941,-0.548863620396001
"2011-08-01",8040.930176,-0.476639040344584
"2011-08-02",7831.97998,-2.59858239564944
"2011-08-03",7853.200195,0.270943172150462
"2011-08-04",7428.399902,-5.40926351617094
"2011-08-05",7419.069824,-0.12560010396705
"2011-08-08",6895.970215,-7.05074384537832
"2011-08-09",7258.040039,5.25045516020983
"2011-08-10",7101.240234,-2.16036015449709
"2011-08-11",7257.580078,2.2015850590642
"2011-08-12",7303.879883,0.637951004362303
"2011-08-15",7482.709961,2.44842578006017
"2011-08-16",7394.490234,-1.17898097694288
"2011-08-17",7418.939941,0.330647633931269
"2011-08-18",7079.410156,-4.57652693916045
"2011-08-19",6970.100098,-1.54405601019396
"2011-08-22",6980.620117,0.15093067319103
"2011-08-23",7209.589844,3.28007717312087
"2011-08-24",7273.129883,0.881326682583472
"2011-08-25",7149.669922,-1.69748049307591
"2011-08-26",7245.819824,1.3448159572254
"2011-08-29",7450.299805,2.8220406519454
"2011-08-30",7464,0.183887834833252
"2011-08-31",7528.390137,0.862676004823149
"2011-09-01",7443.459961,-1.12813197050711
"2011-09-02",7250.72998,-2.58925260577484
"2011-09-06",7148.129883,-1.41503127661637
"2011-09-07",7355.169922,2.89642245438757
"2011-09-08",7257.359863,-1.32981372337084
"2011-09-09",7045.009766,-2.92599651951418
"2011-09-12",7047.120117,0.0299552601074504
"2011-09-13",7109.950195,0.891570981576328
"2011-09-14",7199.120117,1.25415677401943
"2011-09-15",7329.100098,1.80549815654645
"2011-09-16",7348.180176,0.260333161573367
"2011-09-19",7234.629883,-1.54528455046419
"2011-09-20",7217.109863,-0.242168850146274
"2011-09-21",6981.330078,-3.26695574095073
"2011-09-22",6726.620117,-3.64844461090097
"2011-09-23",6770.72998,0.65575076684532
"2011-09-26",6940.810059,2.5119902802563
"2011-09-27",7043.120117,1.47403627430112
"2011-09-28",6876.939941,-2.3594681510385
"2011-09-29",6974.910156,1.4246193196469
"2011-09-30",6791.649902,-2.62742099756446
"2011-10-03",6571.450195,-3.24221227797911
"2011-10-04",6722.97998,2.30588044500883
"2011-10-05",6844.160156,1.80247712116495
"2011-10-06",6997.640137,2.24249546331043
"2011-10-07",6925.799805,-1.02663656023329
"2011-10-10",7173.450195,3.57576593278386
"2011-10-11",7161.259766,-0.169938156237526
"2011-10-12",7263.689941,1.43033737564324
"2011-10-13",7229.080078,-0.47647770322139
"2011-10-14",7350.459961,1.67905019297532
"2011-10-17",7188.660156,-2.20122013939911
"2011-10-18",7341.72998,2.12932341602268
"2011-10-19",7240.259766,-1.38210223307613
"2011-10-20",7273.899902,0.464626091980458
"2011-10-21",7431.100098,2.16115423800067
"2011-10-24",7547.629883,1.56813639250213
"2011-10-25",7400.819824,-1.94511470853478
"2011-10-26",7506.149902,1.42322175792506
"2011-10-27",7813.990234,4.10117485021151
"2011-10-28",7803.939941,-0.128619216290671
"2011-10-31",7563.379883,-3.08254624995454
"2011-11-01",7337.149902,-2.99112281148922
"2011-11-02",7461.100098,1.68935073776009
"2011-11-03",7605.140137,1.9305469315257
"2011-11-04",7552.22998,-0.695715740234493
"2011-11-07",7590.430176,0.505813463058757
"2011-11-08",7671.910156,1.07345668309591
"2011-11-09",7353.450195,-4.15098657993199
"2011-11-10",7423.640137,0.95451713330057
"2011-11-11",7576.180176,2.05478762689113
"2011-11-14",7493.290039,-1.09408877659194
"2011-11-15",7509.049805,0.210318377081031
"2011-11-16",7392.02002,-1.5585165638677
"2011-11-17",7274.160156,-1.59442024887806
"2011-11-18",7282.470215,0.114240803361287
"2011-11-21",7134.470215,-2.03227745024152
"2011-11-22",7094.890137,-0.554772489158117
"2011-11-23",6919.919922,-2.4661441068344
"2011-11-25",6898.180176,-0.314161814660374
"2011-11-28",7120.549805,3.22359844664051
"2011-11-29",7149.709961,0.409521129667878
"2011-11-30",7484.5,4.68256811571661
"2011-12-01",7450.430176,-0.45520507715946
"2011-12-02",7453.549805,0.04187179701447
"2011-12-05",7531.009766,1.03923584099537
"2011-12-06",7539.319824,0.110344538889295
"2011-12-07",7559.709961,0.270450617243889
"2011-12-08",7369.52002,-2.51583648025091
"2011-12-09",7502.879883,1.809613959092
"2011-12-12",7363.490234,-1.85781528124725
"2011-12-13",7277.620117,-1.16616053354026
"2011-12-14",7184.75,-1.2761055881862
"2011-12-15",7217.120117,0.450539225442781
"2011-12-16",7237.660156,0.284601595470435
"2011-12-19",7142.450195,-1.31547985050211
"2011-12-20",7360.970215,3.05945458538825
"2011-12-21",7388.52002,0.37426866561503
"2011-12-22",7460.75,0.97759740522434
"2011-12-23",7518.660156,0.776197513654786
"2011-12-27",7508.370117,-0.136860009449791
"2011-12-28",7396.990234,-1.48340959841365
"2011-12-29",7485.629883,1.19832048165442
"2011-12-30",7477.029785,-0.114888100726573
"2012-01-03",7624.319824,1.96990039140255
"2012-01-04",7612.149902,-0.159619773054265
"2012-01-05",7599.970215,-0.160003246872475
"2012-01-06",7557.680176,-0.556450062350677
"2012-01-09",7584.660156,0.356987585763124
"2012-01-10",7668.899902,1.11065946617741
"2012-01-11",7661.97998,-0.0902335678966804
"2012-01-12",7681.259766,0.251629292302069
"2012-01-13",7632.029785,-0.64091024779438
"2012-01-17",7670.470215,0.503672431619062
"2012-01-18",7766.950195,1.2578105030814
"2012-01-19",7819.359863,0.674777958969508
"2012-01-20",7829.339844,0.127631688205376
"2012-01-23",7855.52002,0.334385484876654
"2012-01-24",7840.649902,-0.189295144842616
"2012-01-25",7914.810059,0.945841963701044
"2012-01-26",7883.899902,-0.390535676403914
"2012-01-27",7876.609863,-0.0924674220958988
"2012-01-30",7834.399902,-0.53588995436068
"2012-01-31",7838.47998,0.0520790111691705
"2012-02-01",7931.430176,1.18581914143001
"2012-02-02",7945.430176,0.176512932590178
"2012-02-03",8060.430176,1.44737286028098
"2012-02-06",8048.040039,-0.153715580055402
"2012-02-07",8069.700195,0.26913578827934
"2012-02-08",8082.97998,0.164563548571839
"2012-02-09",8081.25,-0.0214027500288316
"2012-02-10",7992.049805,-1.1037920494973
"2012-02-13",8056.22998,0.803050238248604
"2012-02-14",8029.609863,-0.330428960768081
"2012-02-15",7998.649902,-0.385572419186409
"2012-02-16",8092.189941,1.16944784614976
"2012-02-17",8114.509766,0.275819341398731
"2012-02-21",8115.419922,0.0112164015602545
"2012-02-22",8094.390137,-0.259133664087918
"2012-02-23",8136.149902,0.51590996101254
"2012-02-24",8151.970215,0.194444708990815
"2012-02-27",8143.560059,-0.103167158100315
"2012-02-28",8171.540039,0.343584130248753
"2012-02-29",8113.240234,-0.713449419837087
"2012-03-01",8175.109863,0.762576075841115
"2012-03-02",8125.169922,-0.610877918913655
"2012-03-05",8091.279785,-0.417100655436609
"2012-03-06",7920.350098,-2.11251732163406
"2012-03-07",7979.779785,0.750341667535714
"2012-03-08",8082.47998,1.28700537818163
"2012-03-09",8102.100098,0.242748736137299
"2012-03-12",8086.279785,-0.195261880359954
"2012-03-13",8234.480469,1.83274247169769
"2012-03-14",8185.27002,-0.597614496570376
"2012-03-15",8246.719727,0.750735245750622
"2012-03-16",8270.400391,0.287152525900303
"2012-03-19",8297.469727,0.327303815054192
"2012-03-20",8241.269531,-0.677317276821443
"2012-03-21",8219.339844,-0.266095980934855
"2012-03-22",8141.319824,-0.949224894952527
"2012-03-23",8180.049805,0.475721158697473
"2012-03-26",8288.780273,1.32921523208258
"2012-03-27",8239.330078,-0.596591939601532
"2012-03-28",8188.350098,-0.618739381932565
"2012-03-29",8166.370117,-0.268429912460244
"2012-03-30",8206.929688,0.496665843194721
"2012-04-02",8281.120117,0.903997375638288
"2012-04-03",8216.540039,-0.779847135261647
"2012-04-04",8106.830078,-1.33523308447666
"2012-04-05",8081.350098,-0.314302628214036
"2012-04-09",7992.310059,-1.10179658002981
"2012-04-10",7841.910156,-1.88180766123603
"2012-04-11",7912.850098,0.904625793828084
"2012-04-12",8039.950195,1.60624927081743
"2012-04-13",7931.089844,-1.35399285268831
"2012-04-16",7949.560059,0.232883693960084
"2012-04-17",8064.040039,1.4400794402502
"2012-04-18",8030.370117,-0.417531681851313
"2012-04-19",7995.910156,-0.429120457686627
"2012-04-20",8025.439941,0.369311115606275
"2012-04-23",7940.740234,-1.0553902044334
"2012-04-24",7988.009766,0.595278659256548
"2012-04-25",8070.790039,1.03630660733973
"2012-04-26",8123.069824,0.64776539530047
"2012-04-27",8151.910156,0.355042276194517
"2012-04-30",8119.060059,-0.402974227774344
"2012-05-01",8164.040039,0.554004769925798
"2012-05-02",8124.319824,-0.486526460064562
"2012-05-03",8049.890137,-0.916134379399092
"2012-05-04",7933.290039,-1.44846819044233
"2012-05-07",7948.77002,0.195126875784202
"2012-05-08",7887.259766,-0.773833610045749
"2012-05-09",7820.25,-0.849595017636706
"2012-05-10",7852.75,0.415587736964929
"2012-05-11",7815.879883,-0.469518538091751
"2012-05-14",7705.439941,-1.4130199498103
"2012-05-15",7635.810059,-0.903645768874328
"2012-05-16",7592.819824,-0.563008176838153
"2012-05-17",7480.419922,-1.4803446493583
"2012-05-18",7427.740234,-0.704234368515444
"2012-05-21",7542.97998,1.55147787038241
"2012-05-22",7542.580078,-0.00530164472212213
"2012-05-23",7540.899902,-0.0222758788455013
"2012-05-24",7552.339844,0.151705262616808
"2012-05-25",7534.330078,-0.23846604326615
"2012-05-29",7615.029785,1.07109333098692
"2012-05-30",7471.399902,-1.88613685113773
"2012-05-31",7463.959961,-0.0995789423346105
"2012-06-01",7292.22998,-2.30078915076323
"2012-06-04",7285.529785,-0.091881290337481
"2012-06-05",7338.620117,0.728709284935003
"2012-06-06",7517.459961,2.43696827399082
"2012-06-07",7519.830078,0.031528162601413
"2012-06-08",7553.77002,0.45133921442313
"2012-06-11",7459.290039,-1.25076591887027
"2012-06-12",7557.819824,1.32090030666254
"2012-06-13",7506.419922,-0.680089009753559
"2012-06-14",7582.819824,1.01779413880225
"2012-06-15",7664.259766,1.07400602797179
"2012-06-18",7662.290039,-0.0257001597041118
"2012-06-19",7766.259766,1.3569014807689
"2012-06-20",7757.919922,-0.107385591665521
"2012-06-21",7566.109863,-2.47244185204932
"2012-06-22",7616.589844,0.66718540853945
"2012-06-25",7491.870117,-1.63747463831531
"2012-06-26",7527.080078,0.469975592877714
"2012-06-27",7598.049805,0.942858668495217
"2012-06-28",7597.5,-0.00723613314087546
"2012-06-29",7801.839844,2.68956688384336
"2012-07-02",7832.149902,0.388498849067132
"2012-07-03",7901.669922,0.887623715963959
"2012-07-05",7837.77002,-0.808688576348759
"2012-07-06",7756.609863,-1.03550061806994
"2012-07-09",7736.399902,-0.260551469739423
"2012-07-10",7667.569824,-0.889691314718699
"2012-07-11",7685.319824,0.231494468357374
"2012-07-12",7638.649902,-0.607260635455376
"2012-07-13",7758.299805,1.56637500782268
"2012-07-16",7743.02002,-0.196947596561714
"2012-07-17",7794.77002,0.668343874435706
"2012-07-18",7831.089844,0.465951194285519
"2012-07-19",7849.75,0.238283002388195
"2012-07-20",7759.589844,-1.14857359788528
"2012-07-23",7670.540039,-1.14760969059281
"2012-07-24",7590.609863,-1.04204105048151
"2012-07-25",7607.569824,0.223433443505905
"2012-07-26",7754.509766,1.93149646206914
"2012-07-27",7912.160156,2.03301555813658
"2012-07-30",7911.040039,-0.0141569050412849
"2012-07-31",7863.930176,-0.595495191122253
"2012-08-01",7841.330078,-0.287389352323775
"2012-08-02",7765.600098,-0.965779775200026
"2012-08-03",7939.549805,2.24000340997215
"2012-08-06",7964.089844,0.30908602632036
"2012-08-07",8017.709961,0.673273632647375
"2012-08-08",8018.240234,0.00661377129604901
"2012-08-09",8025,0.0843048574590721
"2012-08-10",8044.759766,0.246227613707162
"2012-08-13",8018.640137,-0.324678794143618
"2012-08-14",8019.529785,0.0110947490447266
"2012-08-15",8029.009766,0.118211182627337
"2012-08-16",8089.990234,0.759501729070378
"2012-08-17",8102.069824,0.149315260594918
"2012-08-20",8094.330078,-0.0955280091153199
"2012-08-21",8082.680176,-0.143926697919872
"2012-08-22",8074.200195,-0.104915458923871
"2012-08-23",8011.439941,-0.777293756462283
"2012-08-24",8047.870117,0.454726943823958
"2012-08-27",8036.240234,-0.144508830671042
"2012-08-28",8033.850098,-0.0297419680149402
"2012-08-29",8031.649902,-0.0273865702391851
"2012-08-30",7966.22998,-0.8145265642581
"2012-08-31",8014.930176,0.611333041128193
"2012-09-04",8002.310059,-0.157457603782862
"2012-09-05",7992.009766,-0.128716494662884
"2012-09-06",8160.560059,2.1089850730295
"2012-09-07",8234.509766,0.906184213648942
"2012-09-10",8192.389648,-0.511507293049929
"2012-09-11",8246.139648,0.656096722805688
"2012-09-12",8267.30957,0.256725242400346
"2012-09-13",8407.030273,1.69003835911761
"2012-09-14",8458.870117,0.616624923624798
"2012-09-17",8408.959961,-0.590033365090858
"2012-09-18",8387.429688,-0.256039666021191
"2012-09-19",8400.480469,0.155599289478059
"2012-09-20",8372.910156,-0.328199239338056
"2012-09-21",8377.509766,0.0549344244032524
"2012-09-24",8356.55957,-0.250076652671005
"2012-09-25",8274.780273,-0.978623993701744
"2012-09-26",8221.320312,-0.646058979649722
"2012-09-27",8303.740234,1.00251442435224
"2012-09-28",8251,-0.635138293272397
"2012-10-01",8284.360352,0.404318894679423
"2012-10-02",8295.110352,0.129762583268178
"2012-10-03",8297.5,0.0288079109089123
"2012-10-04",8376.330078,0.950046134377835
"2012-10-05",8384.070312,0.0924060289879014
"2012-10-08",8359.110352,-0.297706949860321
"2012-10-09",8279.110352,-0.957039644546132
"2012-10-10",8229.169922,-0.603210102012186
"2012-10-11",8256.589844,0.333203983632613
"2012-10-12",8227.080078,-0.357408646397084
"2012-10-15",8293.5,0.8073328735138
"2012-10-16",8386.469727,1.12099508048471
"2012-10-17",8446.509766,0.715915527682665
"2012-10-18",8442.820312,-0.0436802194304087
"2012-10-19",8324.139648,-1.40569927600278
"2012-10-22",8329.179688,0.0605472783149485
"2012-10-23",8195.30957,-1.60724252585005
"2012-10-24",8179.259766,-0.195841339035585
"2012-10-25",8211.910156,0.399185145527747
"2012-10-26",8190.200195,-0.264371633244642
"2012-10-31",8221.400391,0.380945462347126
"2012-11-01",8311.360352,1.09421700344967
"2012-11-02",8234.910156,-0.919827714865029
"2012-11-05",8240.25,0.0648439861375971
"2012-11-06",8312.349609,0.874968708473656
"2012-11-07",8138.799805,-2.08785496476345
"2012-11-08",8050.830078,-1.0808685445974
"2012-11-09",8053.560059,0.0339093108853605
"2012-11-12",8054.040039,0.00595984876854416
"2012-11-13",8023.22998,-0.382541666676717
"2012-11-14",7903.419922,-1.49328958908891
"2012-11-15",7896.879883,-0.0827494814212737
"2012-11-16",7931.549805,0.439033168968872
"2012-11-19",8080.290039,1.87529849344494
"2012-11-20",8086.410156,0.0757413034737642
"2012-11-21",8112.180176,0.318683068294257
"2012-11-23",8225.509766,1.39702999121354
"2012-11-26",8197.570312,-0.339668358494771
"2012-11-27",8150.77002,-0.570904429224495
"2012-11-28",8207.360352,0.694294304233112
"2012-11-29",8256.070312,0.593491182437611
"2012-11-30",8260.429688,0.0528020696924481
"2012-12-03",8223.540039,-0.446582688714015
"2012-12-04",8223.870117,0.00401381884729268
"2012-12-05",8264.799805,0.497693755101891
"2012-12-06",8280.929688,0.195163626228934
"2012-12-07",8314.299805,0.402975490159729
"2012-12-10",8322.679688,0.100788799977591
"2012-12-11",8366.469727,0.526153121850137
"2012-12-12",8380.879883,0.17223699445772
"2012-12-13",8338.320312,-0.507817455853632
"2012-12-14",8333.75,-0.0548109430795418
"2012-12-17",8407.009766,0.879073238338068
"2012-12-18",8499.349609,1.09836726220358
"2012-12-19",8463.820312,-0.418023715160265
"2012-12-20",8516.429688,0.621579547540851
"2012-12-21",8443.150391,-0.860446216132738
"2012-12-24",8420.549805,-0.267679538482335
"2012-12-26",8395.490234,-0.29760017552678
"2012-12-27",8399.830078,0.0516925620665409
"2012-12-28",8316.160156,-0.996090649728032
"2012-12-31",8443.509766,1.53135109967932
"2013-01-02",8632.009766,2.23248394594207
"2013-01-03",8607.790039,-0.280580393866059
"2013-01-04",8667.679688,0.695761034233566
"2013-01-07",8636.910156,-0.354991567611795
"2013-01-08",8604.379883,-0.376642484551049
"2013-01-09",8636.099609,0.368646275865525
"2013-01-10",8713.75,0.899137278582063
"2013-01-11",8712.400391,-0.0154882685411084
"2013-01-14",8717.44043,0.0578490286696098
"2013-01-15",8733.099609,0.179630467517855
"2013-01-16",8710.55957,-0.258098956947339
"2013-01-17",8766.540039,0.642673625616452
"2013-01-18",8792.629883,0.297607081972284
"2013-01-22",8832.75,0.456292571549843
"2013-01-23",8828.660156,-0.0463031785117862
"2013-01-24",8856.589844,0.316352509967421
"2013-01-25",8904.530273,0.541296704989436
"2013-01-28",8880.009766,-0.275371145341052
"2013-01-29",8935.639648,0.626461946168111
"2013-01-30",8904.30957,-0.350619309128175
"2013-01-31",8894.709961,-0.107808572068757
"2013-02-01",8965.120117,0.79159586213291
"2013-02-04",8852.790039,-1.25296790822687
"2013-02-05",8920.129883,0.760662386697764
"2013-02-06",8934.240234,0.1581854881608
"2013-02-07",8893.740234,-0.453312189276867
"2013-02-08",8935.230469,0.466510533345521
"2013-02-11",8919.019531,-0.18142719492511
"2013-02-12",8957.610352,0.432680081772086
"2013-02-13",8955.599609,-0.0224473148639492
"2013-02-14",8953.070312,-0.0282426315426076
"2013-02-15",8933.219727,-0.221718185027475
"2013-02-19",9004.389648,0.796688351736097
"2013-02-20",8883.629883,-1.34112105007387
"2013-02-21",8810.290039,-0.825561678794673
"2013-02-22",8894.629883,0.957287939746121
"2013-02-25",8719.400391,-1.9700593988167
"2013-02-26",8766.169922,0.536384715722815
"2013-02-27",8875.330078,1.2452434412211
"2013-02-28",8868.719727,-0.0744800581151006
"2013-03-01",8874.19043,0.0616853747598567
"2013-03-04",8901.040039,0.302558404755793
"2013-03-05",8978.089844,0.865626990356261
"2013-03-06",8996.969727,0.210288416891014
"2013-03-07",9013.429688,0.182950054289988
"2013-03-08",9054.44043,0.4549959717842
"2013-03-11",9082.240234,0.307029509056034
"2013-03-12",9059.959961,-0.245316930910866
"2013-03-13",9057.019531,-0.0324552206925621
"2013-03-14",9127.959961,0.783264624275004
"2013-03-15",9116.620117,-0.124231964737476
"2013-03-18",9045.44043,-0.780768377825347
"2013-03-19",9017.660156,-0.307119086295293
"2013-03-20",9081.089844,0.703394083417486
"2013-03-21",9009.660156,-0.786576162410668
"2013-03-22",9065.780273,0.622888278007094
"2013-03-25",9022.959961,-0.472329029719909
"2013-03-26",9083.700195,0.673174149752809
"2013-03-27",9070.44043,-0.145973168591551
"2013-03-28",9107.040039,0.403504209993466
"2013-04-01",9107.759766,0.00790297392916361
"2013-04-02",9092.889648,-0.163268667400629
"2013-04-03",8983.389648,-1.20423764324562
"2013-04-04",9027.830078,0.494695563048353
"2013-04-05",9000.240234,-0.305608809222424
"2013-04-08",9051.570312,0.570318976665662
"2013-04-09",9088.379883,0.406665028621611
"2013-04-10",9189.080078,1.10801040775554
"2013-04-11",9234.019531,0.48905279547613
"2013-04-12",9188.25,-0.495662055363266
"2013-04-15",8953.94043,-2.55010007346338
"2013-04-16",9086.419922,1.47956637678903
"2013-04-17",8948.349609,-1.5195237968884
"2013-04-18",8921.179688,-0.303630526155052
"2013-04-19",8994.120117,0.817609683370835
"2013-04-22",9019.900391,0.286634753201387
"2013-04-23",9113.799805,1.04102495515022
"2013-04-24",9146.450195,0.358252218598065
"2013-04-25",9188.860352,0.463678870991768
"2013-04-26",9169.900391,-0.20633637114611
"2013-04-29",9245.219727,0.821375726980889
"2013-04-30",9276.879883,0.342448929661865
"2013-05-01",9175.780273,-1.08980186522912
"2013-05-02",9246.719727,0.773116311522193
"2013-05-03",9340.459961,1.01376744150992
"2013-05-06",9348.900391,0.090364179443414
"2013-05-07",9409.009766,0.642956631112113
"2013-05-08",9463.320312,0.577218510243815
"2013-05-09",9409.219727,-0.571687137456367
"2013-05-10",9442.759766,0.356459302398426
"2013-05-13",9437.169922,-0.0591971429806715
"2013-05-14",9515.860352,0.833835044302389
"2013-05-15",9551.410156,0.373584759390977
"2013-05-16",9489.30957,-0.65017191164165
"2013-05-17",9576.410156,0.917881173097834
"2013-05-20",9587.519531,0.116007719166444
"2013-05-21",9598.269531,0.112124934559366
"2013-05-22",9508.040039,-0.940059994237308
"2013-05-23",9466.290039,-0.439102063398455
"2013-05-24",9442.230469,-0.254160499000944
"2013-05-28",9494.160156,0.549972669810295
"2013-05-29",9422.490234,-0.754884274357914
"2013-05-30",9460.049805,0.398616183909328
"2013-05-31",9302.269531,-1.66785880891037
"2013-06-03",9357.080078,0.589216930528025
"2013-06-04",9320.080078,-0.395422500305331
"2013-06-05",9178.410156,-1.52005048040749
"2013-06-06",9260.480469,0.894166981046829
"2013-06-07",9355.410156,1.02510541777807
"2013-06-10",9358,0.0276828482858038
"2013-06-11",9255.480469,-1.09552822184227
"2013-06-12",9189.429688,-0.713639677823619
"2013-06-13",9331.370117,1.54460541969599
"2013-06-14",9263.69043,-0.725292064845873
"2013-06-17",9337.889648,0.800968237881849
"2013-06-18",9399.629883,0.661179745395923
"2013-06-19",9255.700195,-1.53122718438423
"2013-06-20",8995.969727,-2.80616768616067
"2013-06-21",9018.540039,0.25089359663204
"2013-06-24",8892.019531,-1.40289345562443
"2013-06-25",8989.259766,1.09356749230018
"2013-06-26",9067.269531,0.867810776756683
"2013-06-27",9143.549805,0.841270613377132
"2013-06-28",9112.69043,-0.337498845176354
"2013-07-01",9167.879883,0.605632918444243
"2013-07-02",9144.719727,-0.252622812423031
"2013-07-03",9135.089844,-0.105305392483135
"2013-07-05",9214.169922,0.865673784828069
"2013-07-08",9266.299805,0.565757777871401
"2013-07-09",9341.400391,0.81047006443149
"2013-07-10",9340.679688,-0.00771514944047924
"2013-07-11",9493.259766,1.63350080611391
"2013-07-12",9498.5,0.0551995218625478
"2013-07-15",9520.950195,0.236355161341262
"2013-07-16",9489,-0.335577797862852
"2013-07-17",9523.790039,0.366635462114018
"2013-07-18",9587.200195,0.665808000179924
"2013-07-19",9618.5,0.326474928690068
"2013-07-22",9650.580078,0.333524749181269
"2013-07-23",9659.629883,0.093774725735174
"2013-07-24",9605.040039,-0.565133909489357
"2013-07-25",9635.05957,0.312539363481146
"2013-07-26",9620.129883,-0.154951683396809
"2013-07-29",9571.790039,-0.502486396627788
"2013-07-30",9556.169922,-0.163189089359006
"2013-07-31",9558.830078,0.0278370521005211
"2013-08-01",9673.400391,1.19858091487248
"2013-08-02",9690.070312,0.172327416691132
"2013-08-05",9671.599609,-0.190614746903595
"2013-08-06",9614.320312,-0.592242227921624
"2013-08-07",9568.259766,-0.479082706892042
"2013-08-08",9634.700195,0.694383624868666
"2013-08-09",9622.110352,-0.130671870895716
"2013-08-12",9609.030273,-0.13593773633328
"2013-08-13",9630.570312,0.224164545100081
"2013-08-14",9593.5,-0.384923330592468
"2013-08-15",9489.290039,-1.08625591285767
"2013-08-16",9465.589844,-0.249757304314591
"2013-08-19",9385.889648,-0.841999255339798
"2013-08-20",9421.55957,0.380037730441463
"2013-08-21",9339.379883,-0.87225141856212
"2013-08-22",9425.780273,0.925119130845831
"2013-08-23",9474.769531,0.519736897966183
"2013-08-26",9432.509766,-0.44602419997376
"2013-08-27",9288.230469,-1.52959605215636
"2013-08-28",9309.070312,0.224368280584275
"2013-08-29",9315.820312,0.0725099260588724
"2013-08-30",9270.660156,-0.484768431415827
"2013-09-03",9333.490234,0.67773035514993
"2013-09-04",9400.240234,0.715166548916968
"2013-09-05",9420.349609,0.21392405406051
"2013-09-06",9439.69043,0.205308951395211
"2013-09-09",9539.929688,1.06189136967281
"2013-09-10",9620.709961,0.846759626557958
"2013-09-11",9655.379883,0.360367604267697
"2013-09-12",9607.320312,-0.497749146924997
"2013-09-13",9635.080078,0.288943900052208
"2013-09-16",9704.490234,0.720390027255569
"2013-09-17",9738.929688,0.354881639010163
"2013-09-18",9887.879883,1.52943084889021
"2013-09-19",9854.759766,-0.334956708535095
"2013-09-20",9769.730469,-0.862824655486372
"2013-09-23",9733.030273,-0.375652082894729
"2013-09-24",9715.209961,-0.183091098046151
"2013-09-25",9698.950195,-0.167364020595262
"2013-09-26",9726.259766,0.281572442902922
"2013-09-27",9684.169922,-0.432744395200435
"2013-09-30",9621.240234,-0.649820155024727
"2013-10-01",9693.269531,0.748648773423821
"2013-10-02",9689.290039,-0.041054176686961
"2013-10-03",9619.19043,-0.723475184640399
"2013-10-04",9675.709961,0.587570559199335
"2013-10-07",9597.540039,-0.807898565739174
"2013-10-08",9483.160156,-1.19176249888213
"2013-10-09",9497.019531,0.146147220673387
"2013-10-10",9693.969727,2.07381058191065
"2013-10-11",9761.759766,0.699301121306251
"2013-10-14",9797.179688,0.362843614768793
"2013-10-15",9726.620117,-0.720202887433252
"2013-10-16",9845,1.21707110564642
"2013-10-17",9934.839844,0.912542854240739
"2013-10-18",9984.629883,0.501165995444497
"2013-10-21",9982.679688,-0.0195319708677477
"2013-10-22",10056.58984,0.740383887993978
"2013-10-23",9990.330078,-0.65886909035956
"2013-10-24",10029.19043,0.388979660297473
"2013-10-25",10053.86035,0.245981170386456
"2013-10-28",10053.86035,0
"2013-10-29",10108.42969,0.542770021666361
"2013-10-30",10054.37988,-0.534700360566098
"2013-10-31",10009.63965,-0.444982490556156
"2013-11-01",10018.15039,0.0850254384532345
"2013-11-04",10064.11035,0.458766920148013
"2013-11-05",10011.91016,-0.518676645869665
"2013-11-06",10059.49023,0.475234687882975
"2013-11-07",9924.370117,-1.3432103407888
"2013-11-08",10032.13965,1.08590803979987
"2013-11-11",10042.94043,0.107661778811075
"2013-11-12",10009.82031,-0.329785088648593
"2013-11-13",10079.88965,0.700005972434892
"2013-11-14",10130.50977,0.50218922783547
"2013-11-15",10189.79981,0.585262157049371
"2013-11-18",10167.15039,-0.222275416812134
"2013-11-19",10135.61035,-0.310215141806314
"2013-11-20",10096.44043,-0.38645842378896
"2013-11-21",10162.40039,0.653299154858678
"2013-11-22",10205.71973,0.42627074645305
"2013-11-25",10176.2002,-0.289244960482582
"2013-11-26",10167.88965,-0.0816665340369394
"2013-11-27",10182.99023,0.148512430010483
"2013-11-29",10183.23047,0.00235922842479752
"2013-12-02",10137.01953,-0.453794502011318
"2013-12-03",10086.70996,-0.496295482622977
"2013-12-04",10064.86035,-0.216617807854558
"2013-12-05",10016.74023,-0.478100225205824
"2013-12-06",10131.20996,1.14278425287666
"2013-12-09",10146.25977,0.148548989305519
"2013-12-10",10114.66992,-0.311344778431588
"2013-12-11",9991.459961,-1.21813128826255
"2013-12-12",9949.580078,-0.419156791534681
"2013-12-13",9954.839844,0.0528642008885249
"2013-12-16",10024.96973,0.704480304042954
"2013-12-17",9989.080078,-0.358002597180906
"2013-12-18",10154.2002,1.65300628997518
"2013-12-19",10151.53027,-0.0262938483328257
"2013-12-20",10196.07031,0.438751979409702
"2013-12-23",10246.66992,0.496265801054485
"2013-12-24",10284.40039,0.368221776387623
"2013-12-26",10331.66992,0.4596235872532
"2013-12-27",10353.21973,0.208580124673596
"2013-12-30",10357.83984,0.0446248618351186
"2013-12-31",10400.32031,0.410128662503029
"2014-01-02",10283.41992,-1.12400759318536
"2014-01-03",10296.76953,0.12981683237534
"2014-01-06",10270.04981,-0.259496145098226
"2014-01-07",10327.33008,0.557740917129967
"2014-01-08",10320.91016,-0.0621643730786992
"2014-01-09",10325.74023,0.046798876505294
"2014-01-10",10371.12988,0.439577686335046
"2014-01-13",10256.15039,-1.10864960067398
"2014-01-14",10343.08008,0.847585952764085
"2014-01-15",10385.38965,0.409061610978068
"2014-01-16",10376.23047,-0.0881929355438182
"2014-01-17",10343.45996,-0.315822880907923
"2014-01-21",10366.00977,0.218010318473749
"2014-01-22",10368.88965,0.0277819533639034
"2014-01-23",10269.38965,-0.959601301186575
"2014-01-24",10034.44043,-2.28785962951555
"2014-01-27",9981.349609,-0.529086015013591
"2014-01-28",10066.83984,0.85649971545847
"2014-01-29",9962.919922,-1.03229930794252
"2014-01-30",10048.69043,0.860897293880725
"2014-01-31",9967.650391,-0.806473635191896
"2014-02-03",9741.580078,-2.26804015120877
"2014-02-04",9816.969727,0.773895491248444
"2014-02-05",9809.030273,-0.0808747935542975
"2014-02-06",9940.219727,1.33743550941123
"2014-02-07",10055.33984,1.15812442945609
"2014-02-10",10050.40039,-0.0491226560076163
"2014-02-11",10170.37012,1.19368110069891
"2014-02-12",10173.76953,0.0334246439400943
"2014-02-13",10228.58008,0.538743774747186
"2014-02-14",10282.53027,0.52744554550137
"2014-02-18",10319.12012,0.35584480705837
"2014-02-19",10254.24023,-0.62873471037761
"2014-02-20",10316.88965,0.610961110670205
"2014-02-21",10306.90039,-0.0968243369744548
"2014-02-24",10369.51953,0.607545795831621
"2014-02-25",10353.78027,-0.151783888872237
"2014-02-26",10349.95996,-0.0368977310738261
"2014-02-27",10397.80957,0.462316860982326
"2014-02-28",10425.86035,0.269775858185883
"2014-03-03",10329.79004,-0.921461699801118
"2014-03-04",10489.96973,1.55065775180074
"2014-03-05",10482.83984,-0.0679686422698556
"2014-03-06",10525.51953,0.407138625138037
"2014-03-07",10511.91016,-0.129298795762156
"2014-03-10",10486.15039,-0.245053178803034
"2014-03-11",10425.63965,-0.577053902046898
"2014-03-12",10418.99023,-0.0637794919374546
"2014-03-13",10297.74023,-1.16374041364276
"2014-03-14",10285.08008,-0.122941050339542
"2014-03-17",10377.01953,0.893910881440596
"2014-03-18",10441.4502,0.620897646127871
"2014-03-19",10359.50977,-0.784761009538681
"2014-03-20",10400.7002,0.397609837863966
"2014-03-21",10392.21973,-0.0815374911008249
"2014-03-24",10362.05957,-0.290218651872187
"2014-03-25",10417.05957,0.530782511222339
"2014-03-26",10359.36035,-0.553891619917068
"2014-03-27",10373.44043,0.135916499902433
"2014-03-28",10434.87012,0.592182414450892
"2014-03-31",10527.76953,0.89027854617898
"2014-04-01",10584.30957,0.5370562096642
"2014-04-02",10616.87012,0.307630363460731
"2014-04-03",10598.48047,-0.173211594303646
"2014-04-04",10517.04981,-0.768323914267688
"2014-04-07",10407.41992,-1.04240154777778
"2014-04-08",10452.00977,0.428442883469238
"2014-04-09",10554.94043,0.984792994505601
"2014-04-10",10366.80957,-1.78239622712869
"2014-04-11",10280.94043,-0.828308260320432
"2014-04-14",10359.41992,0.763349331068919
"2014-04-15",10401.98047,0.410839123509543
"2014-04-16",10505.79004,0.997978897378182
"2014-04-17",10532.83008,0.257382261562888
"2014-04-21",10559.34961,0.251779719207246
"2014-04-22",10599.01953,0.375685259653036
"2014-04-23",10581.88965,-0.161617590679164
"2014-04-24",10575.91016,-0.0565068262642465
"2014-04-25",10505.00977,-0.670395161526205
"2014-04-28",10526.51953,0.204757163210134
"2014-04-29",10583.65039,0.542732665219314
"2014-04-30",10627.16992,0.411195838830047
"2014-05-01",10629.33984,0.0204186064242329
"2014-05-02",10629.99023,0.00611881838183947
"2014-05-05",10630.13965,0.00140564569455215
"2014-05-06",10568.67969,-0.578167004607488
"2014-05-07",10626.83984,0.55030667695446
"2014-05-08",10610.65039,-0.152344913857283
"2014-05-09",10606.69043,-0.0373206151786154
"2014-05-12",10703.5,0.91272174519379
"2014-05-13",10702.86035,-0.00597608258979809
"2014-05-14",10656.12012,-0.43670783763895
"2014-05-15",10568.37012,-0.823470447140573
"2014-05-16",10603.17969,0.329375008679222
"2014-05-19",10618.63965,0.145804942026762
"2014-05-20",10541.9502,-0.722215392251302
"2014-05-21",10620.44043,0.744551325996601
"2014-05-22",10644.51953,0.226724119010946
"2014-05-23",10681.87012,0.350890332764497
"2014-05-27",10720.62012,0.362764193579235
"2014-05-28",10702.73047,-0.166871410419855
"2014-05-29",10752.11035,0.461376469662711
"2014-05-30",10756.30957,0.0390548447077421
"2014-06-02",10772.00977,0.145962701220403
"2014-06-03",10770.33008,-0.0155930976286189
"2014-06-04",10776.78027,0.0598885080780986
"2014-06-05",10847.69043,0.657990218074667
"2014-06-06",10904.21973,0.521118300386458
"2014-06-09",10918.62012,0.132062544194511
"2014-06-10",10914.2002,-0.0404805731074376
"2014-06-11",10872.69043,-0.380328097701554
"2014-06-12",10825.03027,-0.438347438537356
"2014-06-13",10856.21973,0.288123536120155
"2014-06-16",10863.21973,0.0644791665431743
"2014-06-17",10886.00977,0.209790840712376
"2014-06-18",10975.54004,0.822434224216195
"2014-06-19",11003.08008,0.250921958278427
"2014-06-20",11018.11035,0.136600569029044
"2014-06-23",11014.08984,-0.0364900139160462
"2014-06-24",10921.99023,-0.836198100232688
"2014-06-25",10962.87012,0.374289750669377
"2014-06-26",10949.4502,-0.122412469117172
"2014-06-27",10974.42969,0.228134650998291
"2014-06-30",10979.41992,0.0454714289576774
"2014-07-01",11046.61035,0.611967030039606
"2014-07-02",11050.33984,0.0337613972235307
"2014-07-03",11104.71973,0.492110566619464
"2014-07-07",11035.80957,-0.620548394515863
"2014-07-08",10963.16016,-0.658306121895147
"2014-07-09",11005.5,0.386201053182456
"2014-07-10",10941.33984,-0.582982690472944
"2014-07-11",10936.34961,-0.0456089480171173
"2014-07-14",10991.46973,0.504008393711186
"2014-07-15",10965.62988,-0.235090034679108
"2014-07-16",11017.87012,0.476399810787687
"2014-07-17",10890.44043,-1.15657280955495
"2014-07-18",10985.91992,0.876727535619048
"2014-07-21",10957.66992,-0.257147332273655
"2014-07-22",11016.24023,0.534514275640818
"2014-07-23",11023.90039,0.0695351575498604
"2014-07-24",11038.55957,0.132976346677594
"2014-07-25",10985.80957,-0.477870320538565
"2014-07-28",10987.24023,0.0130227999209698
"2014-07-29",10936.7002,-0.459988395102195
"2014-07-30",10929.79004,-0.0631832259606058
"2014-07-31",10726.42969,-1.86060618965009
"2014-08-01",10692.16992,-0.319395838038639
"2014-08-04",10766.67969,0.696862943233145
"2014-08-05",10657.32031,-1.01572056705257
"2014-08-06",10653.41992,-0.0365982243804686
"2014-08-07",10583.79004,-0.653591809230025
"2014-08-08",10691.09961,1.01390493948235
"2014-08-11",10722.79004,0.296418807756305
"2014-08-12",10705.78027,-0.158631941281584
"2014-08-13",10756.17969,0.470768302066049
"2014-08-14",10802.62988,0.431846541604219
"2014-08-15",10796.04004,-0.0610021825537266
"2014-08-18",10886.50977,0.83798994506139
"2014-08-19",10929.66016,0.396365693979428
"2014-08-20",10949.48047,0.18134424776115
"2014-08-21",10982.83008,0.304577099263947
"2014-08-22",10947.33008,-0.323231805840707
"2014-08-25",11005.36035,0.530086053639867
"2014-08-26",11025.37012,0.181818399067679
"2014-08-27",11037.88965,0.113552015612517
"2014-08-28",11009.7002,-0.255388039687454
"2014-08-29",11046.29004,0.332341837973038
"2014-09-02",11038.12012,-0.0739607594080538
"2014-09-03",11063.54981,0.230380623906457
"2014-09-04",11030.40039,-0.299627339952291
"2014-09-05",11073.41016,0.389920297353763
"2014-09-08",11007.38965,-0.596207573331686
"2014-09-09",10945.61035,-0.561252957916303
"2014-09-10",10972.20996,0.24301623344376
"2014-09-11",10975.99023,0.03445313217465
"2014-09-12",10911.38965,-0.588562659462211
"2014-09-15",10909.30957,-0.019063383003648
"2014-09-16",10980.13965,0.649262719565491
"2014-09-17",10973.74023,-0.0582817723998597
"2014-09-18",11024.05957,0.458543203550943
"2014-09-19",10989.57031,-0.312854441514965
"2014-09-22",10892.63965,-0.882024112551494
"2014-09-23",10815.41992,-0.708916593968101
"2014-09-24",10885.59961,0.648885484975215
"2014-09-25",10722.20996,-1.50097060202271
"2014-09-26",10798.87988,0.715057066463198
"2014-09-29",10749.04981,-0.461437394930997
"2014-09-30",10702.92969,-0.429062296809657
"2014-10-01",10571.54981,-1.22751324922513
"2014-10-02",10555.70996,-0.149834700537632
"2014-10-03",10635.49023,0.755802028497565
"2014-10-06",10647.50977,0.113013502340475
"2014-10-07",10484.54981,-1.53049833735912
"2014-10-08",10645.66992,1.53673846678972
"2014-10-09",10409.37988,-2.21958826241722
"2014-10-10",10293.13965,-1.11668736601053
"2014-10-13",10166.74023,-1.22799674635717
"2014-10-14",10185.91016,0.188555324187711
"2014-10-15",10109.69043,-0.748285904771806
"2014-10-16",10123.73047,0.138877051648745
"2014-10-17",10250.54004,1.25259725528823
"2014-10-20",10327.33984,0.749226867075392
"2014-10-21",10500.78027,1.67942986952194
"2014-10-22",10405.80957,-0.904415648723977
"2014-10-23",10519.28027,1.09045528112619
"2014-10-24",10582.62012,0.60213102393174
"2014-10-27",10544.41992,-0.360971097581075
"2014-10-28",10677.87988,1.26569276463337
"2014-10-29",10646.66016,-0.292377516425113
"2014-10-30",10712.19043,0.615500720556494
"2014-10-31",10845,1.23979844148456
"2014-11-03",10808.66992,-0.334993822037799
"2014-11-04",10758.07031,-0.468139099209364
"2014-11-05",10824.07031,0.613492922970127
"2014-11-06",10843.54004,0.179874385904655
"2014-11-07",10864.58008,0.194032944245026
"2014-11-10",10892.55957,0.257529419397495
"2014-11-11",10907.53027,0.137439689026175
"2014-11-12",10884.03027,-0.215447488279119
"2014-11-13",10868.91992,-0.138830466519813
"2014-11-14",10880.62988,0.107738028122295
"2014-11-17",10883.25,0.0240805911872366
"2014-11-18",10941.7002,0.53706567431604
"2014-11-19",10927.48047,-0.129959053347106
"2014-11-20",10937.96973,0.0959897391608067
"2014-11-21",11025.74023,0.802438680729445
"2014-11-24",11041.41992,0.142209862312348
"2014-11-25",11029.37012,-0.109132702925052
"2014-11-26",11047.91016,0.168096997365064
"2014-11-28",10955.41016,-0.83726242031642
"2014-12-01",10888.55957,-0.610206181454365
"2014-12-02",10940.12012,0.473529576327603
"2014-12-03",10987.29981,0.431253857201708
"2014-12-04",10952.29981,-0.318549603681018
"2014-12-05",10970.25977,0.163983458374672
"2014-12-08",10863.54004,-0.972809507135319
"2014-12-09",10821.2002,-0.389742568666418
"2014-12-10",10662.24023,-1.46896801705969
"2014-12-11",10690.15039,0.261766377402295
"2014-12-12",10500.50977,-1.77397523029609
"2014-12-15",10411.17969,-0.850721364549523
"2014-12-16",10390.01953,-0.203244595041674
"2014-12-17",10603.50977,2.05476264393509
"2014-12-18",10831.62012,2.151272125437
"2014-12-19",10890.24023,0.541194293656599
"2014-12-22",10919.99023,0.273180383276084
"2014-12-23",10951.75977,0.290930113771726
"2014-12-24",10955.11035,0.0305939873624483
"2014-12-26",10985.40039,0.276492331270761
"2014-12-29",10988.00977,0.0237531624461829
"2014-12-30",10932.99023,-0.500723435377881
"2014-12-31",10839.24023,-0.857496421635418
"2015-01-02",10830.91992,-0.0767610074456249
"2015-01-05",10607.67969,-2.06113821955023
"2015-01-06",10514.87012,-0.874928096551542
"2015-01-07",10627.12988,1.06762859378049
"2015-01-08",10800.54004,1.63176852036364
"2015-01-09",10711.41016,-0.825235401840152
"2015-01-12",10640.74023,-0.659763083892584
"2015-01-13",10622.95996,-0.167096175789261
"2015-01-14",10565.41016,-0.541749194355434
"2015-01-15",10514.59961,-0.480914126669363
"2015-01-16",10660.32031,1.38588919602236
"2015-01-20",10658.62012,-0.0159487703048189
"2015-01-21",10720.40039,0.579627281059358
"2015-01-22",10859.34961,1.29611968718641
"2015-01-23",10788.33008,-0.653994323330376
"2015-01-26",10847.15039,0.545221638231541
"2015-01-27",10781.83008,-0.602188663856085
"2015-01-28",10603.86035,-1.65064491537599
"2015-01-29",10691.62988,0.82771299416442
"2015-01-30",10537.21973,-1.44421525747765
"2015-02-02",10669.03027,1.25090435026924
"2015-02-03",10847.41016,1.67194098700407
"2015-02-04",10775.04004,-0.667164963180478
"2015-02-05",10896.05957,1.12314691686286
"2015-02-06",10847.50977,-0.44557208675392
"2015-02-09",10826.58984,-0.192854677650134
"2015-02-10",10915.13965,0.817891979918195
"2015-02-11",10889.04981,-0.239024335341409
"2015-02-12",10995.30957,0.975840517346294
"2015-02-13",11042.69043,0.43091883587596
"2015-02-17",11054.46973,0.106670562528843
"2015-02-18",11064.08984,0.0870246175073586
"2015-02-19",11038.25977,-0.233458606840087
"2015-02-20",11108.66992,0.637873645548392
"2015-02-23",11074.58008,-0.306875982862942
"2015-02-24",11122.11035,0.429183496409391
"2015-02-25",11117.92969,-0.0375887297323962
"2015-02-26",11082.09961,-0.322272950081959
"2015-02-27",11062.79004,-0.174241079574622
"2015-03-02",11102.82031,0.361846061032178
"2015-03-03",11051.21973,-0.464752004979518
"2015-03-04",11004.67969,-0.42113034703003
"2015-03-05",11014.25977,0.0870546010412809
"2015-03-06",10842.16992,-1.56242773998058
"2015-03-09",10866.62012,0.225510208569024
"2015-03-10",10678.41016,-1.73200091584687
"2015-03-11",10678.75977,0.00327398924335753
"2015-03-12",10820.87012,1.33077579288965
"2015-03-13",10751.01953,-0.645517312613308
"2015-03-16",10881.17969,1.21067736540519
"2015-03-17",10862.42969,-0.172315875062989
"2015-03-18",11019.71973,1.44801894685498
"2015-03-19",10931.36035,-0.801829648711039
"2015-03-20",11070.53027,1.27312535260078
"2015-03-23",11070.88965,0.00324627629602059
"2015-03-24",11019.75,-0.46192900134272
"2015-03-25",10897.50977,-1.10928315070669
"2015-03-26",10865.15039,-0.296942885879148
"2015-03-27",10875.13965,0.0919385341338064
"2015-03-30",10989.16016,1.04845099621318
"2015-03-31",10899.19043,-0.818713429325424
"2015-04-01",10891.61035,-0.0695471837902306
"2015-04-02",10953.16016,0.565112118613365
"2015-04-06",11033.12012,0.730017262890104
"2015-04-07",11013.24023,-0.180183753859109
"2015-04-08",11032.99023,0.17932960316438
"2015-04-09",11065.38965,0.293659464248441
"2015-04-10",11112.67969,0.427368953970841
"2015-04-13",11056.75977,-0.50320824103588
"2015-04-14",11108.07031,0.464064889419213
"2015-04-15",11171.05957,0.567058528098219
"2015-04-16",11169.75,-0.0117228808224845
"2015-04-17",11058.4502,-0.99643949058843
"2015-04-20",11116.57031,0.525571928695756
"2015-04-21",11100.37988,-0.145642311868743
"2015-04-22",11144.4502,0.397016322652188
"2015-04-23",11191.48047,0.422006192822333
"2015-04-24",11192.92969,0.0129493144708226
"2015-04-27",11167.30957,-0.228895568091447
"2015-04-28",11203.08008,0.320314483768724
"2015-04-29",11154.11035,-0.437109523901569
"2015-04-30",11049.74023,-0.935709946602792
"2015-05-01",11140.36035,0.820110863366441
"2015-05-04",11173.28027,0.295501392825215
"2015-05-05",11049.33984,-1.10925732645207
"2015-05-06",11015.99023,-0.301824457233824
"2015-05-07",11036.40039,0.185277578990739
"2015-05-08",11196.5,1.4506506138094
"2015-05-11",11140.74023,-0.498010717634978
"2015-05-12",11113.16992,-0.247472873712262
"2015-05-13",11117,0.034464334007045
"2015-05-14",11207.33008,0.812540073760903
"2015-05-15",11228.34961,0.187551627818205
"2015-05-18",11227.88965,-0.00409641680190198
"2015-05-19",11213.15039,-0.131273644998808
"2015-05-20",11210.24023,-0.0259530988061751
"2015-05-21",11239.66016,0.262437997727005
"2015-05-22",11197.69043,-0.373407464305386
"2015-05-26",11065.32031,-1.18211983826026
"2015-05-27",11143.34961,0.705169826213559
"2015-05-28",11132.74023,-0.0952081768167745
"2015-05-29",11056.29981,-0.686627177323429
"2015-06-01",11061.67969,0.0486589554593575
"2015-06-02",11080.88965,0.17366223338906
"2015-06-03",11107.92969,0.244024088805928
"2015-06-04",11000.38965,-0.968137564795857
"2015-06-05",10979.33008,-0.191443854900175
"2015-06-08",10917.82031,-0.560232450903786
"2015-06-09",10915.63965,-0.0199734007162777
"2015-06-10",11057.99023,1.30409746532811
"2015-06-11",11080.50977,0.20364948360061
"2015-06-12",11009.91016,-0.63715128153351
"2015-06-15",10949.54004,-0.548325273527928
"2015-06-16",10997.66016,0.439471610900655
"2015-06-17",11013.66016,0.145485492070341
"2015-06-18",11100.46973,0.78819909765584
"2015-06-19",11038.95996,-0.554118622870214
"2015-06-22",11129.61035,0.821185966146043
"2015-06-23",11149.36035,0.177454550329337
"2015-06-24",11066.13965,-0.746416811256811
"2015-06-25",11035.73047,-0.27479483326418
"2015-06-26",11040.30957,0.0414934019315361
"2015-06-29",10790.33008,-2.26424348352761
"2015-06-30",10805.2002,0.137809685985069
"2015-07-01",10858.99023,0.497816134864393
"2015-07-02",10864.82031,0.0536889699365606
"2015-07-06",10782.67969,-0.756023732158695
"2015-07-07",10829.32031,0.432551289112793
"2015-07-08",10636.79981,-1.77777085254577
"2015-07-09",10689.50977,0.495543405361887
"2015-07-10",10853.91992,1.53805135630649
"2015-07-13",10944.84961,0.837758990947113
"2015-07-14",10993.25977,0.442309960620846
"2015-07-15",10958.83008,-0.313189087862342
"2015-07-16",11024.87012,0.602619435814811
"2015-07-17",10987.16992,-0.341955955849382
"2015-07-20",10969.49023,-0.160912137781888
"2015-07-21",10919,-0.460278727099972
"2015-07-22",10899.86035,-0.175287572121985
"2015-07-23",10840.73047,-0.542482913554032
"2015-07-24",10721.9502,-1.0956851139202
"2015-07-27",10656.61035,-0.6094026625865
"2015-07-28",10790.17969,1.2533942371272
"2015-07-29",10883.91016,0.868664588476364
"2015-07-30",10881.75,-0.0198472788569881
"2015-07-31",10882.28027,0.00487302134306589
"2015-08-03",10841.25977,-0.37694765235079
"2015-08-04",10824.7002,-0.152745809539823
"2015-08-05",10847.84961,0.213857285396224
"2015-08-06",10799.44043,-0.446256002252954
"2015-08-07",10763.15039,-0.336036299614084
"2015-08-10",10906.04981,1.32767279859591
"2015-08-11",10802.08984,-0.953232121722725
"2015-08-12",10779.45996,-0.20949538779248
"2015-08-13",10745.30957,-0.31680984137169
"2015-08-14",10782.24023,0.343690982185452
"2015-08-17",10818.57031,0.33694370766213
"2015-08-18",10792.79981,-0.238206151659226
"2015-08-19",10687.03027,-0.980000943795889
"2015-08-20",10475.75,-1.97697830606032
"2015-08-21",10195.69043,-2.6734083001217
"2015-08-24",9789.94043,-3.97962259432783
"2015-08-25",9692.389648,-0.996438974246139
"2015-08-26",9979.669922,2.9639777643409
"2015-08-27",10230.50977,2.51350846230927
"2015-08-28",10242.05957,0.112895645081812
"2015-08-31",10176.5,-0.640101432255191
"2015-09-01",9874.669922,-2.96595173193142
"2015-09-02",10013.36035,1.40450697689662
"2015-09-03",10049.29004,0.358817507251685
"2015-09-04",9871.860352,-1.76559425883582
"2015-09-08",10109.67969,2.40906302885271
"2015-09-09",9988.910156,-1.19459308012954
"2015-09-10",10019.38965,0.305133328100782
"2015-09-11",10040.21973,0.20789769364844
"2015-09-14",9988.589844,-0.514230638257163
"2015-09-15",10105.87012,1.17414247488046
"2015-09-16",10236.71973,1.29478816218946
"2015-09-17",10215.54004,-0.20689918800777
"2015-09-18",10031.59961,-1.80059428360873
"2015-09-21",10066.07031,0.343621170502439
"2015-09-22",9912.599609,-1.52463370782872
"2015-09-23",9867.900391,-0.450933355155569
"2015-09-24",9837.80957,-0.304936408027023
"2015-09-25",9857.259766,0.197708604355507
"2015-09-28",9601.419922,-2.59544589544501
"2015-09-29",9622.070312,0.215076417527404
"2015-09-30",9799.69043,1.84596570426725
"2015-10-01",9820.950195,0.216943230522015
"2015-10-02",9973.55957,1.5539165963564
"2015-10-05",10167.92969,1.94885405391929
"2015-10-06",10156.37988,-0.113590576962386
"2015-10-07",10258.51953,1.00566984700063
"2015-10-08",10361.04004,0.999369448000653
"2015-10-09",10361.25977,0.00212073304564075
"2015-10-12",10356.49023,-0.0460324333708018
"2015-10-13",10262.94043,-0.903296367035711
"2015-10-14",10229.66992,-0.324181069031115
"2015-10-15",10378.26953,1.45263347851989
"2015-10-16",10421.91016,0.420500063848306
"2015-10-19",10391.59961,-0.290834880887136
"2015-10-20",10383.41992,-0.0787144453884392
"2015-10-21",10306.44043,-0.741369323335617
"2015-10-22",10448.83008,1.38155991845188
"2015-10-23",10506.50977,0.552020556927268
"2015-10-26",10464.62012,-0.39870186119858
"2015-10-27",10400.17969,-0.615793304114687
"2015-10-28",10538.2002,1.32709735902647
"2015-10-29",10498.16016,-0.379951407641699
"2015-10-30",10460.95996,-0.354349709216084
"2015-11-02",10579.87012,1.13670409269016
"2015-11-03",10609.91992,0.284028061395536
"2015-11-04",10563.95996,-0.43317914128046
"2015-11-05",10548.36035,-0.147668204528095
"2015-11-06",10513.36035,-0.331805122679563
"2015-11-09",10415.19043,-0.933763485049766
"2015-11-10",10432.34961,0.164751476368341
"2015-11-11",10399.90039,-0.311044215474665
"2015-11-12",10235.9502,-1.57645923376004
"2015-11-13",10155.07031,-0.790155172892504
"2015-11-16",10299.40039,1.42126125761901
"2015-11-17",10285.75977,-0.132440913873433
"2015-11-18",10429.59961,1.39843670488524
"2015-11-19",10431.45996,0.017837213982963
"2015-11-20",10444.2002,0.122132856271828
"2015-11-23",10421.41016,-0.218207613446553
"2015-11-24",10449.71973,0.271648170116756
"2015-11-25",10450.36035,0.00613049934881094
"2015-11-27",10450.53027,0.00162597263928532
"2015-11-30",10409.58984,-0.391754570746761
"2015-12-01",10519.58984,1.05671790810924
"2015-12-02",10389.2002,-1.23949357325894
"2015-12-03",10257.37988,-1.26882067399181
"2015-12-04",10408.86035,1.47679496881421
"2015-12-07",10304.54004,-1.00222605061658
"2015-12-08",10198.37012,-1.03032177649727
"2015-12-09",10162.37012,-0.352997582715697
"2015-12-10",10172.04004,0.0951541804305123
"2015-12-11",9976.650391,-1.92085017589059
"2015-12-14",9986.759766,0.101330352410867
"2015-12-15",10110.94043,1.24345300086997
"2015-12-16",10267.83008,1.55168207236682
"2015-12-17",10112.62988,-1.51151897519519
"2015-12-18",9967.639648,-1.4337539662828
"2015-12-21",10023.03027,0.555704499320586
"2015-12-22",10112.40039,0.891647711246524
"2015-12-23",10276.28027,1.62058337961042
"2015-12-24",10258.54981,-0.17253772312692
"2015-12-28",10217.40039,-0.401123168109863
"2015-12-29",10306.59961,0.873012866240419
"2015-12-30",10225.83008,-0.783668067610122
"2015-12-31",10143.41992,-0.805901910703366
"2016-01-04",10001.55957,-1.39854557061462
"2016-01-05",10028.05957,0.264958677839489
"2016-01-06",9868.259766,-1.59352667267811
"2016-01-07",9650.419922,-2.20747983094793
"2016-01-08",9528.769531,-1.26057095943228
"2016-01-11",9527.660156,-0.0116423741427618
"2016-01-12",9576.519531,0.512816097551827
"2016-01-13",9374.230469,-2.11234427440129
"2016-01-14",9516.549805,1.51819753600726
"2016-01-15",9299.629883,-2.27939669780356
"2016-01-19",9301.75,0.0227978642878712
"2016-01-20",9156.849609,-1.55777559061466
"2016-01-21",9226.580078,0.761511567597051
"2016-01-22",9426.910156,2.17122786890096
"2016-01-25",9262.990234,-1.73885100512672
"2016-01-26",9429.110352,1.79337464256684
"2016-01-27",9373.780273,-0.586800630541606
"2016-01-28",9397.790039,0.256137495233988
"2016-01-29",9632.709961,2.49973579985405
"2016-02-01",9616.700195,-0.166202097486789
"2016-02-02",9413.780273,-2.11007848727054
"2016-02-03",9495.209961,0.865005190672985
"2016-02-04",9534.30957,0.411782458319454
"2016-02-05",9390.360352,-1.5098022247247
"2016-02-08",9231.330078,-1.69354814979095
"2016-02-09",9187.799805,-0.471549306895014
"2016-02-10",9176.719727,-0.12059555318098
"2016-02-11",9029.879883,-1.6001343439526
"2016-02-12",9229.679688,2.21265185792949
"2016-02-16",9375.400391,1.57882730415291
"2016-02-17",9532.280273,1.6733139434834
"2016-02-18",9504.980469,-0.286393215664527
"2016-02-19",9485.959961,-0.20011096353153
"2016-02-22",9616.320312,1.37424521646681
"2016-02-23",9494.320312,-1.26867654197999
"2016-02-24",9506.070312,0.123758200838764
"2016-02-25",9625.280273,1.25404038774588
"2016-02-26",9619.799805,-0.0569382692717335
"2016-02-29",9559.530273,-0.626515449611276
"2016-03-01",9771,2.21213512548075
"2016-03-02",9837.589844,0.681504902261798
"2016-03-03",9907.969727,0.715417943988839
"2016-03-04",9968.410156,0.610018305115489
"2016-03-07",10006.19043,0.378999995072049
"2016-03-08",9868.519531,-1.3758572751848
"2016-03-09",9924.820312,0.570508887611187
"2016-03-10",9918.080078,-0.0679129071168072
"2016-03-11",10104.19043,1.87647559342483
"2016-03-14",10074.26953,-0.296123674699988
"2016-03-15",10013.61035,-0.602119883921737
"2016-03-16",10084.16992,0.704636664836866
"2016-03-17",10190.40039,1.05343792144272
"2016-03-18",10223.42969,0.324121710000846
"2016-03-21",10219.69043,-0.0365753970378191
"2016-03-22",10194.19043,-0.249518321270714
"2016-03-23",10099.67969,-0.927103928938477
"2016-03-24",10086.59961,-0.129509849831699
"2016-03-28",10106.4502,0.196801605769292
"2016-03-29",10190.40039,0.830659512872289
"2016-03-30",10236.9502,0.456800598783924
"2016-03-31",10207.37988,-0.288858687619664
"2016-04-01",10219.95996,0.123244947752443
"2016-04-04",10182.99023,-0.361740458325643
"2016-04-05",10061.07031,-1.19728996342168
"2016-04-06",10159.84961,0.981797134464113
