famid,age,daded_a,t,lw,married,omarried,educ,oeduc,female,ofemale,exp,oexp
2,33.25119,12,1,2.479523,0,0,16,16,1,1,11.25119,11.25119
2,33.25119,12,2,2.220177,0,0,16,16,1,1,11.25119,11.25119
4,43.57014,12,1,2.949527,0,1,18,12,1,1,19.57014,25.57014
4,43.57014,12,2,2.228209,1,0,12,18,1,1,25.57014,19.57014
6,30.96782,12,1,2.850934,1,1,12,12,0,0,12.96782,12.96782
6,30.96782,12,2,2.862515,1,1,12,12,0,0,12.96782,12.96782
7,34.6338,12,1,2.883505,0,0,14,14,0,0,14.6338,14.6338
7,34.6338,12,2,2.322521,0,0,14,14,0,0,14.6338,14.6338
11,34.97878,12,1,3.614503,1,0,13,15,1,1,15.97878,13.97878
11,34.97878,12,2,2.091243,0,1,15,13,1,1,13.97878,15.97878
13,29.33881,16,1,2.544062,0,1,12,14,0,0,11.33881,9.33881
13,29.33881,16,2,2.767205,1,0,14,12,0,0,9.33881,11.33881
14,47.60574,12,1,1.891737,1,1,12,12,1,1,29.60574,29.60574
14,47.60574,12,2,2.36174,1,1,12,12,1,1,29.60574,29.60574
15,51.90143,12,1,2.906967,0,0,12,13,0,0,33.90143,32.90143
15,51.90143,12,2,2.855216,0,0,13,12,0,0,32.90143,33.90143
16,36.07666,12,1,2.544062,1,1,12,12,0,0,18.07666,18.07666
16,36.07666,12,2,2.831744,1,1,12,12,0,0,18.07666,18.07666
18,48.12045,17.5,1,3.278031,0,0,18,17,1,1,24.12045,25.12045
18,48.12045,17.5,2,2.808027,0,0,17,18,1,1,25.12045,24.12045
21,33.95482,12,1,2.031846,1,1,12,14,1,1,15.95482,13.95482
21,33.95482,12,2,2.337448,1,1,14,12,1,1,13.95482,15.95482
25,39.34018,9,1,2.767205,1,0,14,12,0,0,19.34018,21.34018
25,39.34018,9,2,2.138597,0,1,12,14,0,0,21.34018,19.34018
26,38.5325,12,1,2.445622,0,0,12,13,0,0,20.5325,19.5325
26,38.5325,12,2,2.767205,0,0,13,12,0,0,19.5325,20.5325
28,23.6824,18,1,2.493912,0,0,17,16,1,1,0.6824,1.6824
28,23.6824,18,2,2.872566,0,0,16,17,1,1,1.6824,0.6824
29,35.66324,12,1,2.737433,0,0,12,15,1,1,17.66324,14.66324
29,35.66324,12,2,2.658877,0,0,15,12,1,1,14.66324,17.66324
30,21.34975,12,1,2.25638,0,0,14,14,0,0,1.34975,1.34975
30,21.34975,12,2,1.930957,0,0,14,14,0,0,1.34975,1.34975
33,33.63997,12,1,2.36174,0,1,12,12,1,1,15.63997,15.63997
33,33.63997,12,2,2.856436,1,0,12,12,1,1,15.63997,15.63997
35,24.64066,12,1,2.047029,0,0,14,16,1,1,4.64066,2.64066
35,24.64066,12,2,2.544062,0,0,16,14,1,1,2.64066,4.64066
36,46.36549,9,1,2.026268,1,1,12,12,1,1,28.36549,28.36549
36,46.36549,9,2,1.859213,1,1,12,12,1,1,28.36549,28.36549
37,43.85489,12,1,3.585516,0,0,18,15,0,0,19.85489,22.85489
37,43.85489,12,2,2.138597,0,0,15,18,0,0,22.85489,19.85489
38,61.87268,8,1,1.668593,1,1,12,12,0,0,43.87268,43.87268
38,61.87268,8,2,3.683496,1,1,12,12,0,0,43.87268,43.87268
39,24.11772,12,1,3.17267,0,0,16,16,0,0,2.11772,2.11772
39,24.11772,12,2,1.668593,0,0,16,16,0,0,2.11772,2.11772
42,32.5941,13,1,2.544062,1,0,14,11,0,0,12.5941,15.5941
42,32.5941,13,2,2.45705,0,1,11,14,0,0,15.5941,12.5941
44,53.85352,12,1,2.831744,0,0,12,12,0,0,35.85352,35.85352
44,53.85352,12,2,2.544062,0,0,12,12,0,0,35.85352,35.85352
47,39.61943,7,1,2.799995,0,0,12,18,0,0,21.61943,15.61943
47,39.61943,7,2,3.278031,0,0,18,12,0,0,15.61943,21.61943
48,22.07254,12,1,3.031569,0,0,16,16,0,0,0.07254,0.07254
48,22.07254,12,2,1.997495,0,0,16,16,0,0,0.07254,0.07254
49,38.026,11.5,1,2.495272,1,1,12,12,1,1,20.026,20.026
49,38.026,11.5,2,2.767205,1,1,12,12,1,1,20.026,20.026
51,53.63722,11.5,1,1.983304,1,1,12,14,0,0,35.63722,33.63722
51,53.63722,11.5,2,3.054887,1,1,14,12,0,0,33.63722,35.63722
52,28.32306,13,1,2.767205,0,0,16,16,1,1,6.32306,6.32306
52,28.32306,13,2,2.658989,0,0,16,16,1,1,6.32306,6.32306
54,29.86172,10,1,1.859213,1,1,12,12,1,1,11.86172,11.86172
54,29.86172,10,2,2.005065,1,1,12,12,1,1,11.86172,11.86172
56,36.98563,13.5,1,2.36174,0,0,14,16,0,0,16.98563,14.98563
56,36.98563,13.5,2,2.710047,0,0,16,14,0,0,14.98563,16.98563
57,44.23271,13,1,3.788857,0,0,18,18,1,1,20.23271,20.23271
57,44.23271,13,2,3.188419,0,0,18,18,1,1,20.23271,20.23271
58,22.15468,12,1,1.604055,0,0,16,16,1,1,0.15468,0.15468
58,22.15468,12,2,1.470142,0,0,16,16,1,1,0.15468,0.15468
59,40.04927,12,1,3.054887,1,1,13,13,1,1,21.04927,21.04927
59,40.04927,12,2,3.151275,1,1,13,13,1,1,21.04927,21.04927
60,53.66461,12,1,4.114278,1,1,14,15,0,0,33.66461,32.66461
60,53.66461,12,2,4.625103,1,1,15,14,0,0,32.66461,33.66461
61,35.20055,13,1,2.504836,1,1,17,16,1,1,12.20055,13.20055
61,35.20055,13,2,3.054887,1,1,16,17,1,1,13.20055,12.20055
62,61.15811,10,1,2.831744,1,1,12,16,0,0,43.15811,39.15811
62,61.15811,10,2,2.584884,1,1,16,12,0,0,39.15811,43.15811
64,37.21834,11,1,1.946225,1,1,12,12,0,0,19.21834,19.21834
64,37.21834,11,2,1.668593,1,1,12,12,0,0,19.21834,19.21834
65,52.93361,17,1,3.748034,0,0,18,18,0,0,28.93361,28.93361
65,52.93361,17,2,3.565713,0,0,18,18,0,0,28.93361,28.93361
66,23.89047,12,1,2.310447,0,0,14,14,0,0,3.89047,3.89047
66,23.89047,12,2,2.033236,0,0,14,14,0,0,3.89047,3.89047
68,35.60847,12,1,2.624104,1,1,14,14,0,0,15.60847,15.60847
68,35.60847,12,2,2.45705,1,1,14,14,0,0,15.60847,15.60847
69,58.13278,10,1,2.388382,1,1,12,12,0,0,40.13278,40.13278
69,58.13278,10,2,2.095167,1,1,12,12,0,0,40.13278,40.13278
70,63.718,11,1,2.908842,1,1,13,15,0,0,44.718,42.718
70,63.718,11,2,2.767205,1,1,15,13,0,0,42.718,44.718
71,42.08624,17,1,2.698212,0,1,16,18,0,0,20.08624,18.08624
71,42.08624,17,2,3.971178,1,0,18,16,0,0,18.08624,20.08624
72,61.35522,12,1,2.933588,1,1,12,12,0,0,43.35522,43.35522
72,61.35522,12,2,2.624104,1,1,12,12,0,0,43.35522,43.35522
73,23.00067,9.5,1,2.584884,0,0,13,14,0,0,4.00067,3.00067
73,23.00067,9.5,2,2.698212,0,0,14,13,0,0,3.00067,4.00067
74,19.8987,17,1,1.850915,0,0,13,13,0,0,0.8987,0.8987
74,19.8987,17,2,1.850915,0,0,13,13,0,0,0.8987,0.8987
75,24.731,16,1,1.668593,0,0,18,18,0,0,0.731,0.731
75,24.731,16,2,1.332121,0,0,18,18,0,0,0.731,0.731
78,28.73648,16,1,2.544062,1,0,16,16,1,1,6.73648,6.73648
78,28.73648,16,2,2.544062,0,1,16,16,1,1,6.73648,6.73648
79,56.47911,9,1,2.727979,0,1,13,12,1,1,37.47911,38.47911
79,56.47911,9,2,2.41053,1,0,12,13,1,1,38.47911,37.47911
80,61.47021,15,1,2.488373,1,1,14,13,1,1,41.47021,42.47021
80,61.47021,15,2,2.544062,1,1,13,14,1,1,42.47021,41.47021
81,42.12183,16,1,3.023139,1,1,18,18,1,1,18.12183,18.12183
81,42.12183,16,2,3.411562,1,1,18,18,1,1,18.12183,18.12183
82,33.74127,8,1,2.921356,1,1,16,14,0,0,11.74127,13.74127
82,33.74127,8,2,2.514461,1,1,14,16,0,0,13.74127,11.74127
84,21.80423,15,1,1.808355,0,0,13,13,0,0,2.80423,2.80423
84,21.80423,15,2,1.668593,0,0,13,13,0,0,2.80423,2.80423
85,39.35112,10,1,2.45705,1,0,12,12,1,1,21.35112,21.35112
85,39.35112,10,2,2.45705,0,1,12,12,1,1,21.35112,21.35112
87,24.61053,14,1,2.005065,0,0,18,18,0,0,0.61053,0.61053
87,24.61053,14,2,2.005065,0,0,18,18,0,0,0.61053,0.61053
89,31.4579,12,1,3.460352,1,1,16,14,1,1,9.4579,11.4579
89,31.4579,12,2,3.106181,1,1,14,16,1,1,11.4579,9.4579
90,30.65297,12,1,2.005065,1,0,13,14,1,1,11.65297,10.65297
90,30.65297,12,2,2.106848,0,1,14,13,1,1,10.65297,11.65297
91,31.8987,18,1,2.36174,0,0,15,15,1,1,10.8987,10.8987
91,31.8987,18,2,2.523008,0,0,15,15,1,1,10.8987,10.8987
92,37.72211,16,1,1.668593,0,1,16,16,1,1,15.72211,15.72211
92,37.72211,16,2,0.9754459,1,0,16,16,1,1,15.72211,15.72211
94,33.59068,7,1,2.993189,0,1,16,15,1,1,11.59068,12.59068
94,33.59068,7,2,2.479523,1,0,15,16,1,1,12.59068,11.59068
95,32.29021,12,1,3.540395,0,0,16,16,1,1,10.29021,10.29021
95,32.29021,12,2,3.373341,0,0,16,16,1,1,10.29021,10.29021
96,33.46201,12,1,1.811688,0,0,14,12,0,0,13.46201,15.46201
96,33.46201,12,2,1.126996,0,0,12,14,0,0,15.46201,13.46201
100,30.81998,12,1,2.767205,0,0,16,15,1,1,8.81998,9.81998
100,30.81998,12,2,2.767205,0,0,15,16,1,1,9.81998,8.81998
102,32.3477,14,1,1.901215,1,1,12,12,1,1,14.3477,14.3477
102,32.3477,14,2,1.930957,1,1,12,12,1,1,14.3477,14.3477
104,30.35181,8,1,3.278031,1,1,12,12,1,1,12.35181,12.35181
104,30.35181,8,2,1.311918,1,1,12,12,1,1,12.35181,12.35181
105,44.70636,12,1,1.964987,1,1,15,18,1,1,23.70636,20.70636
105,44.70636,12,2,2.179816,1,1,18,15,1,1,20.70636,23.70636
106,31.80835,8,1,2.45705,1,1,18,12,0,0,7.80835,13.80835
106,31.80835,8,2,2.733304,1,1,12,18,0,0,13.80835,7.80835
108,19.22244,12,1,4.178818,0,0,12,12,0,0,1.22244,1.22244
108,19.22244,12,2,2.069071,0,0,12,12,0,0,1.22244,1.22244
109,40.50102,12,1,2.528794,1,0,16,16,0,0,18.50102,18.50102
109,40.50102,12,2,2.26643,0,1,16,16,0,0,18.50102,18.50102
110,61.95755,12,1,2.138597,1,1,13,13,1,1,42.95755,42.95755
110,61.95755,12,2,1.638134,1,1,13,13,1,1,42.95755,42.95755
111,26.6694,12.5,1,1.668593,0,0,15,16,1,1,5.6694,4.6694
111,26.6694,12.5,2,2.467101,0,0,16,15,1,1,4.6694,5.6694
114,44.84872,13.5,1,2.912747,1,1,13,13,0,0,25.84872,25.84872
114,44.84872,13.5,2,2.911593,1,1,13,13,0,0,25.84872,25.84872
115,29.18549,12,1,2.36174,1,0,12,12,0,0,11.18549,11.18549
115,29.18549,12,2,2.376629,0,1,12,12,0,0,11.18549,11.18549
120,41.08418,15,1,2.405757,0,0,14,13,1,1,21.08418,22.08418
120,41.08418,15,2,2.544062,0,0,13,14,1,1,22.08418,21.08418
122,30.45036,18,1,2.36174,0,1,15,14,1,1,9.45036,10.45036
122,30.45036,18,2,2.584884,1,0,14,15,1,1,10.45036,9.45036
123,51.8412,5.5,1,2.074058,1,0,12,16,1,1,33.8412,29.8412
123,51.8412,5.5,2,2.767205,0,1,16,12,1,1,29.8412,33.8412
124,20.42984,14,1,2.005065,0,0,14,14,1,1,0.42984,0.42984
124,20.42984,14,2,1.506074,0,0,14,14,1,1,0.42984,0.42984
126,32.35866,7,1,2.328183,1,1,12,16,1,1,14.35866,10.35866
126,32.35866,7,2,2.228209,1,1,16,12,1,1,10.35866,14.35866
127,50.1492,8,1,1.993571,0,1,12,12,1,1,32.1492,32.1492
127,50.1492,8,2,2.074058,1,0,12,12,1,1,32.1492,32.1492
128,42.54893,8.5,1,3.460352,1,0,18,16,0,0,18.54893,20.54893
128,42.54893,8.5,2,2.479523,0,1,16,18,0,0,20.54893,18.54893
129,27.74811,12,1,1.956275,1,1,12,12,0,0,9.74811,9.74811
129,27.74811,12,2,2.221978,1,1,12,12,0,0,9.74811,9.74811
132,24.62422,13,1,2.2956,1,0,16,15,0,0,2.62422,3.62422
132,24.62422,13,2,1.668593,0,1,15,16,0,0,3.62422,2.62422
133,57.68651,11,1,2.467101,1,1,13,12,0,0,38.68651,39.68651
133,57.68651,11,2,2.074058,1,1,12,13,0,0,39.68651,38.68651
134,42.8501,7.5,1,2.698212,0,0,16,16,0,0,20.8501,20.8501
134,42.8501,7.5,2,2.949527,0,0,16,16,0,0,20.8501,20.8501
136,37.28404,12,1,1.668593,1,1,12,12,1,1,19.28404,19.28404
136,37.28404,12,2,2.138597,1,1,12,12,1,1,19.28404,19.28404
137,45.39355,18,1,4.664325,0,0,14,14,0,0,25.39355,25.39355
137,45.39355,18,2,3.683496,0,0,14,14,0,0,25.39355,25.39355
138,32.84325,7.5,1,2.223627,0,0,14,16,1,1,12.84325,10.84325
138,32.84325,7.5,2,2.17179,0,0,16,14,1,1,10.84325,12.84325
141,37.02396,7,1,2.41053,0,0,13,12,0,0,18.02396,19.02396
141,37.02396,7,2,2.41053,0,0,12,13,0,0,19.02396,18.02396
142,37.83983,13,1,1.668593,0,0,14,14,0,0,17.83983,17.83983
142,37.83983,13,2,1.668593,0,0,14,14,0,0,17.83983,17.83983
143,31.06639,18,1,1.995496,0,0,16,16,0,0,9.06639,9.06639
143,31.06639,18,2,1.948243,0,0,16,16,0,0,9.06639,9.06639
144,30.1492,16,1,1.850915,0,0,15,12,0,0,9.1492,12.1492
144,30.1492,16,2,1.968698,0,0,12,15,0,0,12.1492,9.1492
146,37.85078,16.5,1,2.949527,1,1,15,13,0,0,16.85078,18.85078
146,37.85078,16.5,2,2.831744,1,1,13,15,0,0,18.85078,16.85078
147,21.74127,16,1,1.668593,0,0,13,14,1,1,2.74127,1.74127
147,21.74127,16,2,1.668593,0,0,14,13,1,1,1.74127,2.74127
148,42.77071,16,1,3.103678,0,0,14,16,0,0,22.77071,20.77071
148,42.77071,16,2,3.150198,0,0,16,14,0,0,20.77071,22.77071
149,33.03764,14,1,2.949527,0,0,15,15,0,0,12.03764,12.03764
149,33.03764,14,2,2.831744,0,0,15,15,0,0,12.03764,12.03764
150,27.41957,12,1,1.880473,1,1,13,12,1,1,8.41957,9.41957
150,27.41957,12,2,2.36174,1,1,12,13,1,1,9.41957,8.41957
153,47.74263,8.5,1,2.20759,1,1,10,10,1,1,31.74263,31.74263
153,47.74263,8.5,2,1.891737,1,1,10,10,1,1,31.74263,31.74263
160,51.33195,12,1,3.397212,1,1,18,18,0,0,27.33195,27.33195
160,51.33195,12,2,3.160248,1,1,18,18,0,0,27.33195,27.33195
165,36.94182,16,1,2.624104,0,1,16,15,0,0,14.94182,15.94182
165,36.94182,16,2,2.806426,1,0,15,16,0,0,15.94182,14.94182
166,33.40726,12,1,2.45523,0,0,13,14,0,0,14.40726,13.40726
166,33.40726,12,2,2.29239,0,0,14,13,0,0,13.40726,14.40726
167,34.86653,18,1,2.041268,1,0,14,14,0,0,14.86653,14.86653
167,34.86653,18,2,2.283779,0,1,14,14,0,0,14.86653,14.86653
168,31.03079,12,1,2.584884,0,1,12,12,1,1,13.03079,13.03079
168,31.03079,12,2,1.891737,1,0,12,12,1,1,13.03079,13.03079
170,43.01984,12,1,1.859213,1,1,12,15,1,1,25.01984,22.01984
170,43.01984,12,2,2.583282,1,1,15,12,1,1,22.01984,25.01984
172,35.13483,9,1,2.624104,1,1,12,12,1,1,17.13483,17.13483
172,35.13483,9,2,1.545295,1,1,12,12,1,1,17.13483,17.13483
174,24.83777,11.5,1,2.179419,0,0,12,12,0,0,6.83777,6.83777
174,24.83777,11.5,2,1.506074,0,0,12,12,0,0,6.83777,6.83777
175,28.53114,12,1,2.005065,0,1,12,14,1,1,10.53114,8.53114
175,28.53114,12,2,2.138597,1,0,14,12,1,1,8.53114,10.53114
177,27.27721,12,1,2.270721,1,0,14,12,1,1,7.27721,9.27721
177,27.27721,12,2,1.891737,0,1,12,14,1,1,9.27721,7.27721
178,43.4223,16,1,3.317252,0,1,18,16,1,1,19.4223,21.4223
178,43.4223,16,2,3.216335,1,0,16,18,1,1,21.4223,19.4223
179,31.76727,18,1,4.1535,1,1,18,16,0,0,7.76727,9.76727
179,31.76727,18,2,2.872566,1,1,16,18,0,0,9.76727,7.76727
181,32.44626,12,1,2.426591,0,0,15,18,0,0,11.44626,8.44626
181,32.44626,12,2,2.005065,0,0,18,15,0,0,8.44626,11.44626
182,22.47227,16,1,1.668593,0,0,16,15,1,1,0.47227,1.47227
182,22.47227,16,2,2.074058,0,0,15,16,1,1,1.47227,0.47227
183,40.35866,5,1,2.584884,1,1,14,12,1,1,20.35866,22.35866
183,40.35866,5,2,2.074058,1,1,12,14,1,1,22.35866,20.35866
184,43.30458,12,1,2.199221,0,0,16,18,1,1,21.30458,19.30458
184,43.30458,12,2,3.565713,0,0,18,16,1,1,19.30458,21.30458
185,50.54893,12,1,2.229351,1,1,12,12,1,1,32.54893,32.54893
185,50.54893,12,2,1.763903,1,1,12,12,1,1,32.54893,32.54893
186,44.21902,10,1,2.005065,0,1,12,13,1,1,26.21902,25.21902
186,44.21902,10,2,2.467101,1,0,13,12,1,1,25.21902,26.21902
187,27.23065,12,1,3.237209,0,0,16,12,0,0,5.23065,9.23065
187,27.23065,12,2,2.535693,0,0,12,16,0,0,9.23065,5.23065
188,36.36414,12,1,1.976078,0,0,12,12,0,0,18.36414,18.36414
188,36.36414,12,2,2.523008,0,0,12,12,0,0,18.36414,18.36414
189,36.48186,12,1,1.668593,1,1,12,12,1,1,18.48186,18.48186
189,36.48186,12,2,2.36174,1,1,12,12,1,1,18.48186,18.48186
190,25.17728,16,1,2.322521,0,0,16,16,0,0,3.17728,3.17728
190,25.17728,16,2,2.074058,0,0,16,16,0,0,3.17728,3.17728
192,64.13963,14,1,2.767205,1,1,18,16,0,0,40.13963,42.13963
192,64.13963,14,2,2.949527,1,1,16,18,0,0,42.13963,40.13963
195,28.15332,12,1,2.36174,0,1,15,15,1,1,7.15332,7.15332
195,28.15332,12,2,2.228209,1,0,15,15,1,1,7.15332,7.15332
196,50.05064,10,1,2.506922,1,1,12,12,1,1,32.05064,32.05064
196,50.05064,10,2,1.987047,1,1,12,12,1,1,32.05064,32.05064
197,25.94113,9,1,2.809055,0,0,12,12,1,1,7.94113,7.94113
197,25.94113,9,2,2.858177,0,0,12,12,1,1,7.94113,7.94113
199,41.97398,6.5,1,3.278031,1,1,12,12,0,0,23.97398,23.97398
199,41.97398,6.5,2,3.278031,1,1,12,12,0,0,23.97398,23.97398
201,26.92676,12,1,2.649422,0,1,16,14,0,0,4.92676,6.92676
201,26.92676,12,2,2.36174,1,0,14,16,0,0,6.92676,4.92676
206,40.87337,7,1,3.054887,1,0,12,12,0,0,22.87337,22.87337
206,40.87337,7,2,3.054887,0,1,12,12,0,0,22.87337,22.87337
211,48.24915,8,1,1.563233,1,1,12,12,1,1,30.24915,30.24915
211,48.24915,8,2,1.547294,1,1,12,12,1,1,30.24915,30.24915
212,37.28131,12,1,2.400961,1,0,13,12,1,1,18.28131,19.28131
212,37.28131,12,2,1.668593,0,1,12,13,1,1,19.28131,18.28131
216,29.05406,12,1,2.733304,0,0,13,13,0,0,10.05406,10.05406
216,29.05406,12,2,2.41053,0,0,13,13,0,0,10.05406,10.05406
218,30.22586,12,1,1.754771,0,1,12,16,1,1,12.22586,8.22586
218,30.22586,12,2,2.649422,1,0,16,12,1,1,8.22586,12.22586
221,37.37439,18,1,2.949527,1,1,13,12,0,0,18.37439,19.37439
221,37.37439,18,2,2.333569,1,1,12,13,0,0,19.37439,18.37439
222,21.92744,12,1,1.956275,0,0,12,13,1,1,3.92744,2.92744
222,21.92744,12,2,1.668593,0,0,13,12,1,1,2.92744,3.92744
223,23.96988,12,1,2.074058,0,0,16,16,1,1,1.96988,1.96988
223,23.96988,12,2,2.41783,0,0,16,16,1,1,1.96988,1.96988
224,36.37234,16,1,2.106848,0,0,18,18,0,0,12.37234,12.37234
224,36.37234,16,2,2.391299,0,0,18,18,0,0,12.37234,12.37234
232,36.94455,16,1,2.744278,0,1,16,16,1,1,14.94455,14.94455
232,36.94455,16,2,2.767205,1,0,16,16,1,1,14.94455,14.94455
234,43.20055,8,1,1.961263,0,1,10,14,1,1,27.20055,23.20055
234,43.20055,8,2,2.479523,1,0,14,10,1,1,23.20055,27.20055
235,18.78165,17,1,1.506074,0,0,13,13,1,1,-0.21835,-0.21835
235,18.78165,17,2,1.506074,0,0,13,13,1,1,-0.21835,-0.21835
236,36.62149,13.5,1,2.36174,0,0,12,14,1,1,18.62149,16.62149
236,36.62149,13.5,2,2.671895,0,0,14,12,1,1,16.62149,18.62149
237,45.61259,12,1,3.164766,1,0,14,12,1,1,25.61259,27.61259
237,45.61259,12,2,2.792516,0,1,12,14,1,1,27.61259,25.61259
238,29.39082,12,1,1.604452,1,0,12,12,1,1,11.39082,11.39082
238,29.39082,12,2,1.487999,0,1,12,12,1,1,11.39082,11.39082
239,38.77071,13.5,1,3.197991,0,1,14,13,1,1,18.77071,19.77071
239,38.77071,13.5,2,3.110975,1,0,13,14,1,1,19.77071,18.77071
240,45.5551,12,1,3.08475,0,1,12,12,1,1,27.5551,27.5551
240,45.5551,12,2,2.974845,1,0,12,12,1,1,27.5551,27.5551
243,40.3121,8,1,1.763903,1,1,14,12,1,1,20.3121,22.3121
243,40.3121,8,2,0.9135702,1,1,12,14,1,1,22.3121,20.3121
245,28.41341,14,1,2.074058,0,0,14,16,1,1,8.41341,6.41341
245,28.41341,14,2,2.803573,0,0,16,14,1,1,6.41341,8.41341
246,28.41341,12.5,1,2.25638,0,0,16,16,1,1,6.41341,6.41341
246,28.41341,12.5,2,2.757155,0,0,16,16,1,1,6.41341,6.41341
247,22,12.5,1,2.010498,1,1,14,12,1,1,2,4
247,22,12.5,2,2.022835,1,1,12,14,1,1,4,2
249,35,12.75,1,2.030977,1,1,16,12.5,1,1,13,16.5
249,35,12.75,2,2.332082,1,1,12.5,16,1,1,16.5,13
257,40,12,1,2.506035,0,0,12,12,1,1,22,22
257,40,12,2,2.332082,0,0,12,12,1,1,22,22
259,29,14,1,2.14976,0,0,13,13,0,0,10,10
259,29,14,2,2.108938,0,0,13,13,0,0,10,10
260,24,18,1,1.456613,0,0,18,16,1,1,0,2
260,24,18,2,1.975407,0,0,16,18,1,1,2,0
261,37,13.5,1,1.638934,0,0,14,16,0,0,17,15
261,37,13.5,2,2.9119,0,0,16,14,0,0,15,17
263,48,8,1,2.108938,1,1,12,13,1,1,30,29
263,48,8,2,1.638934,1,1,13,12,1,1,29,30
266,55,12,1,3.02957,1,1,15,12,1,1,34,37
266,55,12,2,2.449865,1,1,12,15,1,1,37,34
268,54,12.5,1,2.877309,0,0,12,12,0,0,36,36
268,54,12.5,2,2.535022,0,0,12,12,0,0,36,36
272,55,4.5,1,2.19855,0,1,12,12,0,0,37,37
272,55,4.5,2,2.695335,1,0,12,12,0,0,37,37
273,30,16,1,3.653837,0,1,14,14,0,0,10,10
273,30,16,2,2.737547,1,0,14,14,0,0,10,10
274,55,12,1,1.862078,0,1,12,12.5,1,1,37,36.5
274,55,12,2,1.476416,1,0,12.5,12,1,1,36.5,37
275,53,8,1,2.605918,1,0,12,12,1,1,35,35
275,53,8,2,1.715895,0,1,12,12,1,1,35,35
277,39,12,1,2.449865,0,0,13,12,0,0,20,21
277,39,12,2,3.430694,0,0,12,13,0,0,21,20
284,50,12.5,1,2.332082,1,1,16,18,1,1,28,26
284,50,12.5,2,3.430694,1,1,18,16,1,1,26,28
286,36,11,1,2.45705,1,1,14,14,0,0,16,16
286,36,11,2,2.427392,1,1,14,14,0,0,16,16
287,20,12,1,1.585534,0,0,14,14,1,1,0,0
287,20,12,2,1.476416,0,0,14,14,1,1,0,0
288,31,16,1,1.499672,1,1,12,12,1,1,13,13
288,31,16,2,1.499672,1,1,12,12,1,1,13,13
289,48,13,1,4.452345,0,0,17,16,0,0,25,26
289,48,13,2,3.731799,0,0,16,17,0,0,26,25
292,27,16,1,2.737547,1,0,16,16,0,0,5,5
292,27,16,2,2.802085,0,1,16,16,0,0,5,5
296,50,6,1,2.169563,0,1,12,12,1,1,32,32
296,50,6,2,2.044399,1,0,12,12,1,1,32,32
298,39,12,1,2.956236,0,0,16,16,1,1,17,17
298,39,12,2,3.025229,0,0,16,16,1,1,17,17
300,33,11,1,2.737547,1,1,12,12,0,0,15,15
300,33,11,2,2.532752,1,1,12,12,0,0,15,15
302,44,8,1,0.7226437,1,0,12,12,1,1,26,26
302,44,8,2,2.245434,0,1,12,12,1,1,26,26
303,33,12,1,2.401074,0,0,16,16,1,1,11,11
303,33,12,2,3.074019,0,0,16,16,1,1,11,11
308,27,12,1,1.837785,0,0,16,16,1,1,5,5
308,27,12,2,2.299558,0,0,16,16,1,1,5,5
315,21,14,1,1.862078,0,0,13,17,1,1,2,-2
315,21,14,2,0.9850078,0,0,17,13,1,1,-2,2
316,66,16,1,1.975407,1,1,16,18,1,1,44,42
316,66,16,2,2.19855,1,1,18,16,1,1,42,44
317,34,18,1,2.919868,0,0,16,16,0,0,12,12
317,34,18,2,3.248372,0,0,16,16,0,0,12,12
320,57,10,1,1.725112,1,1,10,12,1,1,41,39
320,57,10,2,2.203111,1,1,12,10,1,1,39,41
321,43,12,1,1.968238,1,1,12,15,1,1,25,22
321,43,12,2,2.344998,1,1,15,12,1,1,22,25
324,51,11,1,1.687725,1,0,12,13,1,1,33,32
324,51,11,2,1.754481,0,1,13,12,1,1,32,33
325,45,12.5,1,2.891697,1,0,16,16,1,1,23,23
325,45,12.5,2,3.179379,0,1,16,16,1,1,23,23
326,52,16,1,1.638934,1,1,13,13,1,1,33,33
326,52,16,2,1.761152,1,1,13,13,1,1,33,33
328,43,7.5,1,2.668554,0,0,16,16,0,0,21,21
328,43,7.5,2,2.891697,0,0,16,16,0,0,21,21
332,57,12,1,3.209146,1,1,18,18,0,0,33,33
332,57,12,2,3.536054,1,1,18,18,0,0,33,33
335,18,12,1,1.946419,0,0,12,12,0,0,0,0
335,18,12,2,0.7856185,0,0,12,12,0,0,0,0
338,28,10,1,3.025229,1,1,18,18,1,1,4,4
338,28,10,2,2.737547,1,1,18,18,1,1,4,4
339,48,12,1,2.573244,1,1,12,12,1,1,30,30
339,48,12,2,1.638934,1,1,12,12,1,1,30,30
340,45,10,1,2.19855,1,1,13,12,1,1,26,27
340,45,10,2,2.555225,1,1,12,13,1,1,27,26
343,31,12,1,2.865646,1,1,12,12,0,0,13,13
343,31,12,2,2.594446,1,1,12,12,0,0,13,13
347,25,11.5,1,1.778696,0,0,13,13,1,1,6,6
347,25,11.5,2,1.854046,0,0,13,13,1,1,6,6
351,46,10.5,1,2.820661,1,1,12,12,0,0,28,28
351,46,10.5,2,2.86271,1,1,12,12,0,0,28,28
353,25,16,1,1.821256,0,0,16,16,0,0,3,3
353,25,16,2,2.737547,0,0,16,16,0,0,3,3
354,22,12,1,1.877951,0,0,14,14,1,1,2,2
354,22,12,2,1.598112,0,0,14,14,1,1,2,2
355,46,6.5,1,2.226721,0,0,15,14,0,0,25,26
355,46,6.5,2,2.226721,0,0,14,15,0,0,26,25
356,22,14,1,2.19855,0,0,15,15,0,0,1,1
356,22,14,2,2.108938,0,0,15,15,0,0,1,1
359,38,7,1,2.306764,1,1,16,12,1,1,16,20
359,38,7,2,2.380872,1,1,12,16,1,1,20,16
360,38,13,1,2.668554,0,1,14,12,1,1,18,20
360,38,13,2,2.226721,1,0,12,14,1,1,20,18
361,38,9,1,2.486232,1,1,12,14,1,1,20,18
361,38,9,2,2.571099,1,1,14,12,1,1,18,20
362,25,10,1,2.514403,0,0,14,14,0,0,5,5
362,25,10,2,2.514403,0,0,14,14,0,0,5,5
365,35,12,1,2.127514,1,1,12,14,1,1,17,15
365,35,12,2,2.226721,1,1,14,12,1,1,15,17
366,30,14,1,1.844372,1,0,13,12,0,0,11,12
366,30,14,2,1.802564,0,1,12,13,0,0,12,11
367,43,10,1,2.514403,1,1,12,12,1,1,25,25
367,43,10,2,2.060273,1,1,12,12,1,1,25,25
369,38,18,1,0.7856185,0,1,12,14,1,1,20,18
369,38,18,2,2.49827,1,0,14,12,1,1,18,20
370,53,8,1,1.91808,1,1,12,12,0,0,35,35
370,53,8,2,2.668554,1,1,12,12,0,0,35,35
373,26,15,1,2.19855,0,0,16,16,1,1,4,4
373,26,15,2,2.126864,0,0,16,16,1,1,4,4
377,40,6,1,3.248372,1,1,11,12,1,1,23,22
377,40,6,2,2.475177,1,1,12,11,1,1,22,23
378,33,16,1,2.737547,1,1,12,12,0,0,15,15
378,33,16,2,2.887689,1,1,12,12,0,0,15,15
379,50,12,1,2.044399,1,1,12,12,1,1,32,32
379,50,12,2,1.521151,1,1,12,12,1,1,32,32
381,38,13,1,1.638934,0,0,14,14,0,0,18,18
381,38,13,2,1.638934,0,0,14,14,0,0,18,18
384,34,8,1,2.831073,1,1,14,14,0,0,14,14
384,34,8,2,2.575028,1,1,14,14,0,0,14,14
388,65,16,1,2.737547,1,1,18,16,0,0,41,43
388,65,16,2,4.508347,1,1,16,18,0,0,43,41
390,32,12,1,3.025229,1,1,16,14,1,1,10,12
390,32,12,2,2.802085,1,1,14,16,1,1,12,10
393,45,8,1,2.404402,0,0,12,12,0,0,27,27
393,45,8,2,2.380872,0,0,12,12,0,0,27,27
394,34,16,1,3.679289,0,0,18,18,1,1,10,10
394,34,16,2,3.025229,0,0,18,18,1,1,10,10
397,32,12,1,3.129104,0,1,15,16,0,0,11,10
397,32,12,2,2.802085,1,0,16,15,0,0,10,11
398,30,12,1,1.638934,0,0,12,12,1,1,12,12
398,30,12,2,1.608475,0,0,12,12,1,1,12,12
400,35,12,1,2.737547,0,0,14,14,0,0,15,15
400,35,12,2,3.248372,0,0,14,14,0,0,15,15
402,43,8.5,1,3.718376,1,0,17,16,0,0,20,21
402,43,8.5,2,2.880642,0,1,16,17,0,0,21,20
404,37,7,1,2.586724,0,0,14,12,0,0,17,19
404,37,7,2,2.382775,0,0,12,14,0,0,19,17
405,32,18,1,2.471843,0,0,17,15,1,1,9,11
405,32,18,2,2.514403,0,0,15,17,1,1,11,9
407,48,8,1,2.459595,1,1,12,12,0,0,30,30
407,48,8,2,2.86271,1,1,12,12,0,0,30,30
409,55,12.5,1,3.057212,0,1,14,14,0,0,35,35
409,55,12.5,2,3.164991,1,0,14,14,0,0,35,35
413,39,12,1,2.056328,0,1,12,14,1,1,21,19
413,39,12,2,2.157728,1,0,14,12,1,1,19,21
415,36,9,1,2.55202,1,1,12,12,1,1,18,18
415,36,9,2,1.515636,1,1,12,12,1,1,18,18
418,52,10,1,1.533574,1,1,12,12,1,1,34,34
418,52,10,2,2.38924,1,1,12,12,1,1,34,34
419,59,8,1,2.368413,1,1,12,12,0,0,41,41
419,59,8,2,2.065508,1,1,12,12,0,0,41,41
420,59,8,1,2.514403,1,1,16,16,1,1,37,37
420,59,8,2,2.737547,1,1,16,16,1,1,37,37
421,36,13,1,3.025229,1,1,14,17,1,1,16,13
421,36,13,2,3.074019,1,1,17,14,1,1,13,16
423,28,12,1,2.179419,0,0,16,16,1,1,6,6
423,28,12,2,1.638934,0,0,16,16,1,1,6,6
424,25,16,1,1.488112,0,0,15,15,1,1,4,4
424,25,16,2,1.488112,0,0,15,15,1,1,4,4
426,29,14,1,2.514403,0,0,14,14,0,0,9,9
426,29,14,2,2.226721,0,0,14,14,0,0,9,9
427,26,13.5,1,2.668554,1,0,16,14,0,0,4,6
427,26,13.5,2,2.594446,0,1,14,16,0,0,6,4
428,34,10,1,2.19855,0,0,12,16,0,0,16,12
428,34,10,2,2.108938,0,0,16,12,0,0,12,16
429,22,12,1,1.959568,0,1,12,12,1,1,4,4
429,22,12,2,2.13971,1,0,12,12,1,1,4,4
431,27,10,1,2.129537,1,0,16,18,1,1,5,3
431,27,10,2,2.332082,0,1,18,16,1,1,3,5
435,37,16,1,2.044399,0,0,18,18,0,0,13,13
435,37,16,2,2.332082,0,0,18,18,0,0,13,13
437,34,12,1,2.480502,1,0,12,14,0,0,16,14
437,34,12,2,2.28499,0,1,14,12,0,0,14,16
438,23,11,1,4.529306,0,0,16,16,0,0,1,1
438,23,11,2,4.583374,0,0,16,16,0,0,1,1
440,21,12,1,0.7761842,0,0,12,12,1,1,3,3
440,21,12,2,0.7856185,0,0,12,12,1,1,3,3
443,44,7,1,1.928614,0,1,12,14,1,1,26,24
443,44,7,2,2.440295,1,0,14,12,1,1,24,26
445,32,12,1,2.711558,0,0,12,12,1,1,14,14
445,32,12,2,2.434349,0,0,12,12,1,1,14,14
446,19,12.5,1,1.734245,0,0,13,12,0,0,0,1
446,19,12.5,2,1.638934,0,0,12,13,0,0,1,0
447,53,17,1,2.34401,1,0,14,12,1,1,33,35
447,53,17,2,2.25628,0,1,12,14,1,1,35,33
448,41,11,1,2.786972,0,1,12,12,0,0,23,23
448,41,11,2,2.802085,1,0,12,12,0,0,23,23
449,62,8,1,2.990747,1,1,12,12,0,0,44,44
449,62,8,2,2.594446,1,1,12,12,0,0,44,44
450,39,9,1,2.555225,1,1,18,18,1,1,15,15
450,39,9,2,2.891697,1,1,18,18,1,1,15,15
451,38,11.5,1,2.696725,0,1,14,12,1,1,18,20
451,38,11.5,2,1.717383,1,0,12,14,1,1,20,18
452,49,13.5,1,3.623066,1,1,16,18,0,0,27,25
452,49,13.5,2,2.986007,1,1,18,16,0,0,25,27
453,44,12,1,2.108938,1,0,16,14,1,1,22,24
453,44,12,2,2.737547,0,1,14,16,1,1,24,22
457,66,10,1,2.872964,1,1,12,12,0,0,48,48
457,66,10,2,2.703065,1,1,12,12,0,0,48,48
458,47,16,1,3.391468,1,0,16,16,1,1,25,25
458,47,16,2,2.999241,0,1,16,16,1,1,25,25
460,50,9,1,2.456037,1,1,14,12,1,1,30,32
460,50,9,2,2.332082,1,1,12,14,1,1,32,30
467,24,12,1,1.862078,0,0,13,13,1,1,5,5
467,24,12,2,2.226721,0,0,13,13,1,1,5,5
470,43,12,1,1.993808,0,1,12,12,1,1,25,25
470,43,12,2,1.778696,1,0,12,12,1,1,25,25
471,44,9,1,2.555225,1,1,17,16,1,1,21,22
471,44,9,2,2.313918,1,1,16,17,1,1,22,21
473,43,12,1,2.108938,1,1,13,12,1,1,24,25
473,43,12,2,2.011876,1,1,12,13,1,1,25,24
475,52,12.5,1,2.514403,0,0,14,14,1,1,32,32
475,52,12.5,2,3.025229,0,0,14,14,1,1,32,32
476,61,6,1,2.506035,1,1,13,12,1,1,42,49
476,61,6,2,2.737547,1,1,12,13,1,1,49,42
480,38,9,1,2.314822,1,1,14,12,1,1,18,20
480,38,9,2,2.187056,1,1,12,14,1,1,20,18
482,36,8.5,1,1.98677,1,1,12,12,1,1,18,18
482,36,8.5,2,1.983942,1,1,12,12,1,1,18,18
483,24,15,1,1.821256,1,0,14,13,0,0,4,5
483,24,15,2,2.175428,0,1,13,14,0,0,5,4
484,58,12,1,2.563193,0,1,12,12,0,0,40,40
484,58,12,2,2.819434,1,0,12,12,0,0,40,40
486,30,12,1,2.226721,0,0,18,17,1,1,6,7
486,30,12,2,2.737547,0,0,17,18,1,1,7,6
487,50,4,1,2.311879,1,1,12,12,1,1,32,32
487,50,4,2,1.734245,1,1,12,12,1,1,32,32
488,32,10,1,2.70937,0,0,16,18,1,1,10,8
488,32,10,2,2.555225,0,0,18,16,1,1,8,10
491,42,15.5,1,3.179371,0,1,16,13,0,0,20,23
491,42,15.5,2,2.668554,1,0,13,16,0,0,23,20
494,29,11,1,1.995609,0,1,13,14,1,1,10,9
494,29,11,2,1.975407,1,0,14,13,1,1,9,10
502,52,12,1,1.445449,1,1,12,12,1,1,34,34
502,52,12,2,1.476416,1,1,12,12,1,1,34,34
504,32,13,1,2.668554,1,0,13,16,1,1,13,10
504,32,13,2,2.599816,0,1,16,13,1,1,10,13
506,33,12,1,2.044399,1,1,12,13,1,1,15,14
506,33,12,2,1.790811,1,1,13,12,1,1,14,15
507,59,8,1,1.901299,0,0,12,12,1,1,41,41
507,59,8,2,2.226721,0,0,12,12,1,1,41,41
509,24,12,1,2.859764,0,0,12,11,0,0,6,7
509,24,12,2,2.737547,0,0,11,12,0,0,7,6
512,36,8,1,2.737547,1,1,12,12,1,1,18,18
512,36,8,2,2.280788,1,1,12,12,1,1,18,18
515,26,12,1,2.030478,0,1,13,12,1,1,7,8
515,26,12,2,2.362611,1,0,12,13,1,1,8,7
516,35,12,1,2.236771,0,0,14,13,1,1,15,16
516,35,12,2,2.449865,0,0,13,14,1,1,16,15
517,25,12.5,1,2.169563,1,0,16,17,0,0,3,2
517,25,12.5,2,2.128741,0,1,17,16,0,0,2,3
518,47,12,1,4.153607,1,1,16,16,0,0,25,25
518,47,12,2,4.095656,1,1,16,16,0,0,25,25
521,42,6.5,1,3.20755,1,1,12,12,0,0,24,24
521,42,6.5,2,3.248372,1,1,12,12,0,0,24,24
526,39,9,1,2.570855,1,1,12,13,0,0,21,20
526,39,9,2,1.857894,1,1,13,12,0,0,20,21
529,66,8.5,1,2.474435,0,1,15,12,1,1,45,48
529,66,8.5,2,2.302585,1,0,12,15,1,1,48,45
530,27,16,1,2.970414,1,0,15,15,0,0,6,6
530,27,16,2,2.351375,0,1,15,15,0,0,6,6
531,21,18,1,1.321756,0,0,15,15,1,1,0,0
531,21,18,2,1.321756,0,0,15,15,1,1,0,0
532,25,12,1,1.609438,0,0,16,16,1,1,3,3
532,25,12,2,1.558145,0,0,16,16,1,1,3,3
534,24,18,1,1.94591,0,0,16,16,1,1,2,2
534,24,18,2,2.079442,0,0,16,16,1,1,2,2
535,33,18,1,3.767442,1,0,18,18,0,0,9,9
535,33,18,2,3.872804,0,1,18,18,0,0,9,9
536,22,10,1,1.871802,0,0,13,15,1,1,3,1
536,22,10,2,1.94591,0,0,15,13,1,1,1,3
537,47,9.5,1,3.000964,0,0,15,15,0,0,26,26
537,47,9.5,2,2.733362,0,0,15,15,0,0,26,26
538,37,9,1,2.653242,1,1,12,12,1,1,19,19
538,37,9,2,1.562346,1,1,12,12,1,1,19,19
541,28,16,1,3.89182,1,1,16,16,1,1,6,6
541,28,16,2,2.956511,1,1,16,16,1,1,6,6
542,54,8,1,2.60269,1,0,12,12,1,1,36,36
542,54,8,2,1.757858,0,1,12,12,1,1,36,36
547,42,12,1,2.679879,0,0,18,18,1,1,18,18
547,42,12,2,3.143012,0,0,18,18,1,1,18,18
551,41,12,1,2.498974,0,0,12,12,1,1,23,23
551,41,12,2,2.387845,0,0,12,12,1,1,23,23
552,46,12,1,2.995732,0,1,13,13,0,0,27,27
552,46,12,2,2.921009,1,0,13,13,0,0,27,27
556,24,11,1,1.791759,0,1,13,13,0,0,5,5
556,24,11,2,1.446919,1,0,13,13,0,0,5,5
557,31,12,1,1.686399,0,0,12,12,1,1,13,13
557,31,12,2,1.638997,0,0,12,12,1,1,13,13
562,20,12,1,1.791759,0,0,14,14,1,1,0,0
562,20,12,2,1.791759,0,0,14,14,1,1,0,0
567,37,16,1,2.590267,0,0,18,16,0,0,13,15
567,37,16,2,2.70805,0,0,16,18,0,0,15,13
569,24,12,1,1.974081,0,0,16,16,1,1,2,2
569,24,12,2,2.302585,0,0,16,16,1,1,2,2
570,63,12,1,3.767442,1,1,16,16,0,0,41,41
570,63,12,2,4.055123,1,1,16,16,0,0,41,41
571,19,15,1,1.526056,0,0,13,13,1,1,0,0
571,19,15,2,1.547562,0,0,13,13,1,1,0,0
572,38,9,1,2.885731,0,1,12,12,0,0,20,20
572,38,9,2,2.574519,1,0,12,12,0,0,20,20
574,21,15,1,1.774952,0,0,12,12,0,0,3,3
574,21,15,2,1.536867,0,0,12,12,0,0,3,3
575,24,12,1,2.525729,0,0,16,16,0,0,2,2
575,24,12,2,2.442347,0,0,16,16,0,0,2,2
576,26,12,1,2.2895,1,0,16,15,0,0,4,5
576,26,12,2,2.302585,0,1,15,16,0,0,5,4
577,38,6.75,1,2.207175,1,1,10,8,1,1,22,24
577,38,6.75,2,1.515127,1,1,8,10,1,1,24,22
578,44,17,1,1.879465,0,1,11,12,1,1,27,26
578,44,17,2,1.871802,1,0,12,11,1,1,26,27
580,40,12,1,2.995732,1,1,13,12,1,1,21,22
580,40,12,2,2.197225,1,1,12,13,1,1,22,21
581,45,17,1,3.637586,1,1,16,17,1,1,23,22
581,45,17,2,3.506555,1,1,17,16,1,1,22,23
583,45,12,1,2.668824,0,0,18,17,0,0,21,22
583,45,12,2,1.609438,0,0,17,18,0,0,22,21
584,21,16,1,1.12393,0,0,15,15,0,0,0,0
584,21,16,2,1.696449,0,0,15,15,0,0,0,0
585,70,3,1,1.658228,0,1,16,14,0,0,48,50
585,70,3,2,2.002831,1,0,14,16,0,0,50,48
586,58,8.5,1,2.389596,1,1,12,12,0,0,40,40
586,58,8.5,2,2.051271,1,1,12,12,0,0,40,40
588,35,12,1,2.484907,1,0,12,14,0,0,17,15
588,35,12,2,2.288486,0,1,14,12,0,0,15,17
589,43,12,1,2.445689,1,1,16,16,1,1,21,21
589,43,12,2,2.504836,1,1,16,16,1,1,21,21
590,24,12,1,1.783391,0,0,15,14,1,1,3,4
590,24,12,2,1.791759,0,0,14,15,1,1,4,3
591,39,12,1,2.674149,1,1,14,12,0,0,19,21
591,39,12,2,2.639057,1,1,12,14,0,0,21,19
592,45,12,1,2.474435,1,0,16,15,1,1,23,24
592,45,12,2,2.74084,0,1,15,16,1,1,24,23
593,25,14.5,1,2.084677,1,0,15,14,0,0,4,5
593,25,14.5,2,2.174752,0,1,14,15,0,0,5,4
594,30,14,1,2.525729,0,1,15,15,1,1,9,9
594,30,14,2,2.363457,1,0,15,15,1,1,9,9
595,33,12,1,2.079442,1,1,15,15,1,1,12,12
595,33,12,2,2.233235,1,1,15,15,1,1,12,12
597,61,12,1,1.909543,0,0,10,11,1,1,45,44
597,61,12,2,2.70805,0,0,11,10,1,1,44,45
598,43,12,1,2.986816,1,1,16,16,0,0,21,21
598,43,12,2,3.218876,1,1,16,16,0,0,21,21
599,49,12,1,3.363457,1,1,16,16,0,0,27,27
599,49,12,2,3.688879,1,1,16,16,0,0,27,27
600,55,12,1,2.847812,0,0,12,12,0,0,37,37
600,55,12,2,2.525729,0,0,12,12,0,0,37,37
602,57,8,1,1.609438,1,0,12,12,1,1,39,39
602,57,8,2,2.089392,0,1,12,12,1,1,39,39
604,39,12,1,1.832582,0,0,16,14,1,1,17,19
604,39,12,2,3.218876,0,0,14,16,1,1,19,17
608,37,13,1,1.84055,1,1,13,12,1,1,18,19
608,37,13,2,2.014903,1,1,12,13,1,1,19,18
609,30,16,1,2.668824,0,0,16,17,0,0,8,7
609,30,16,2,2.995732,0,0,17,16,0,0,7,8
611,33,18,1,4.317488,1,1,18,17,0,0,9,10
611,33,18,2,3.043526,1,1,17,18,0,0,10,9
612,23,12,1,2.312164,0,0,14,12,1,1,3,5
612,23,12,2,2.420368,0,0,12,14,1,1,5,3
613,25,11,1,2.551041,1,0,16,16,0,0,3,3
613,25,11,2,3.729702,0,1,16,16,0,0,3,3
616,30,12,1,2.120264,0,0,18,18,0,0,6,6
616,30,12,2,2.215574,0,0,18,18,0,0,6,6
617,29,11,1,2.733377,1,1,18,16,1,1,5,7
617,29,11,2,2.821378,1,1,16,18,1,1,7,5
618,52,12,1,2.243896,1,1,12,12,1,1,34,34
618,52,12,2,1.981001,1,1,12,12,1,1,34,34
619,34,5,1,2.254445,0,1,12,17,1,1,16,11
619,34,5,2,2.21266,1,0,17,12,1,1,11,16
620,55,11,1,2.407946,1,1,12,14,0,0,37,35
620,55,11,2,2.995732,1,1,14,12,0,0,35,37
625,44,10,1,1.927892,0,1,13,13,1,1,25,25
625,44,10,2,2.37862,1,0,13,13,1,1,25,25
626,40,12,1,2.442347,1,1,13,14,1,1,21,20
626,40,12,2,2.322388,1,1,14,13,1,1,20,21
627,64,18,1,4.892852,1,1,18,18,0,0,40,40
627,64,18,2,4.286716,1,1,18,18,0,0,40,40
630,50,14,1,2.823495,0,0,12,12,1,1,32,32
630,50,14,2,2.639057,0,0,12,12,1,1,32,32
633,32,12,1,2.755847,0,0,16,16,0,0,10,10
633,32,12,2,2.690814,0,0,16,16,0,0,10,10
634,37,10.5,1,2.995732,1,1,15,14,0,0,16,17
634,37,10.5,2,2.545531,1,1,14,15,0,0,17,16
636,35,16,1,3.056357,0,0,16,16,1,1,13,13
636,35,16,2,3.525904,0,0,16,16,1,1,13,13
637,35,8,1,2.862201,1,1,15,12,0,0,14,17
637,35,8,2,2.60269,1,1,12,15,0,0,17,14
640,29,13.5,1,3.688879,1,0,16,18,0,0,7,5
640,29,13.5,2,2.956518,0,1,18,16,0,0,5,7
642,24,13,1,1.871802,0,0,15,15,1,1,3,3
642,24,13,2,1.871802,0,0,15,15,1,1,3,3
643,31,12,1,2.590267,1,1,12,13,1,1,13,12
643,31,12,2,2.639057,1,1,13,12,1,1,12,13
644,66,10,1,2.995732,1,1,18,16,0,0,42,44
644,66,10,2,3.091043,1,1,16,18,0,0,44,42
646,44,12,1,2.397895,0,1,13,12,1,1,25,26
646,44,12,2,1.793425,1,0,12,13,1,1,26,25
647,35,10,1,2.047693,0,0,12,16,0,0,17,13
647,35,10,2,2.079442,0,0,16,12,0,0,13,17
650,33,12,1,3.179657,0,1,16,16,0,0,11,11
650,33,12,2,3.256615,1,0,16,16,0,0,11,11
651,44,12,1,2.551041,1,1,15,12,1,1,23,26
651,44,12,2,2.748872,1,1,12,15,1,1,26,23
652,32,15,1,2.463853,1,1,13,14,1,1,13,12
652,32,15,2,2.302585,1,1,14,13,1,1,12,13
656,49,12,1,2.838727,0,1,13,12,0,0,30,31
656,49,12,2,3.401197,1,0,12,13,0,0,31,30
657,29,12,1,1.783791,0,0,16,16,1,1,7,7
657,29,12,2,1.832582,0,0,16,16,1,1,7,7
658,59,11,1,2.590267,1,1,14,12,0,0,39,41
658,59,11,2,2.70805,1,1,12,14,0,0,41,39
659,44,8.5,1,3.847485,1,0,18,14,0,0,20,24
659,44,8.5,2,3.015935,0,1,14,18,0,0,24,20
660,39,11,1,1.704748,1,1,12,12,0,0,21,21
660,39,11,2,2.302585,1,1,12,12,0,0,21,21
663,39,7,1,2.490723,0,0,14,12,0,0,19,21
663,39,7,2,2.384165,0,0,12,14,0,0,21,19
664,33,8,1,2.184802,0,0,16,18,1,1,11,9
664,33,8,2,2.70805,0,0,18,16,1,1,9,11
665,42,10.75,1,4.828314,0,1,16,13,0,0,20,23
665,42,10.75,2,3.15067,1,0,13,16,0,0,23,20
667,29,12,1,2.264883,0,1,14,12,1,1,9,11
667,29,12,2,1.793383,1,0,12,14,1,1,11,9
668,30,16,1,2.079442,0,1,18,16,1,1,6,8
668,30,16,2,2.484907,1,0,16,18,1,1,8,6
669,42,11,1,2.810005,0,1,12,13,0,0,24,23
669,42,11,2,2.672078,1,0,13,12,0,0,23,24
672,29,13,1,2.021548,0,0,13,18,0,0,10,5
672,29,13,2,1.658228,0,0,18,13,0,0,5,10
673,54,8,1,2.772589,1,1,12,12,1,1,36,36
673,54,8,2,2.77944,1,1,12,12,1,1,36,36
674,50,16,1,3.218876,1,1,15,16,1,1,29,28
674,50,16,2,2.70805,1,1,16,15,1,1,28,29
677,36,12,1,2.819591,0,0,14,14,0,0,16,16
677,36,12,2,3.091043,0,0,14,14,0,0,16,16
679,26,7,1,1.704748,0,0,15,16,0,0,5,4
679,26,7,2,2.120264,0,0,16,15,0,0,4,5
680,34,18,1,3.218876,1,1,18,18,0,0,10,10
680,34,18,2,3.283414,1,1,18,18,0,0,10,10
681,33,17,1,2.862201,0,0,12,12,0,0,15,15
681,33,17,2,2.736962,0,0,12,12,0,0,15,15
684,54,4,1,2.551045,1,1,12,14,0,0,36,34
684,54,4,2,2.915689,1,1,14,12,0,0,34,36
686,39,12,1,1.94591,1,1,12,13,1,1,21,20
686,39,12,2,2.185404,1,1,13,12,1,1,20,21
688,40,12,1,2.639057,1,1,13,13,1,1,21,21
688,40,12,2,2.70805,1,1,13,13,1,1,21,21
689,31,16,1,1.94591,0,0,15,16,1,1,10,9
689,31,16,2,2.207275,0,0,16,15,1,1,9,10
692,50,12,1,2.414923,1,1,16,16,1,1,28,28
692,50,12,2,3.57555,1,1,16,16,1,1,28,28
695,63,10,1,2.862201,1,1,12,16,0,0,45,41
695,63,10,2,2.397895,1,1,16,12,0,0,41,45
697,23,12,1,2.079442,0,0,18,15,1,1,-1,2
697,23,12,2,2.169054,0,0,15,18,1,1,2,-1
698,32,18,1,2.764147,0,0,18,18,1,1,8,8
698,32,18,2,2.813411,0,0,18,18,1,1,8,8
699,37,8.5,1,2.224623,0,0,12,14,0,0,19,17
699,37,8.5,2,2.169054,0,0,14,12,0,0,17,19
700,28,12,1,2.211566,0,0,12,12,1,1,10,10
700,28,12,2,2.555676,0,0,12,12,1,1,10,10
701,57,8.5,1,2.014903,1,1,16,14,1,1,35,37
701,57,8.5,2,1.94591,1,1,14,16,1,1,37,35
702,27,12.5,1,2.772589,1,0,16,14,0,0,5,7
702,27,12.5,2,2.639057,0,1,14,16,0,0,7,5
703,33,12,1,2.982646,1,1,12,12,0,0,15,15
703,33,12,2,2.77944,1,1,12,12,0,0,15,15
704,40,12,1,3.401197,0,0,12,13,0,0,22,21
704,40,12,2,2.70805,0,0,13,12,0,0,21,22
705,56,8,1,2.343407,1,0,12,12,0,0,38,38
705,56,8,2,2.564949,0,1,12,12,0,0,38,38
707,31,12,1,2.674149,0,0,13,13,0,0,12,12
707,31,12,2,2.525729,0,0,13,13,0,0,12,12
710,32,11,1,2.079442,1,0,15,14,0,0,11,12
710,32,11,2,2.110213,0,1,14,15,0,0,12,11
711,38,12,1,2.866761,1,1,12,12,1,1,20,20
711,38,12,2,1.916923,1,1,12,12,1,1,20,20
713,36,13.5,1,2.908721,0,0,16,16,1,1,14,14
713,36,13.5,2,2.70805,0,0,16,16,1,1,14,14
714,36,11,1,2.428336,1,0,14,12,0,0,16,18
714,36,11,2,2.704711,0,1,12,14,0,0,18,16
716,32,18,1,2.302585,0,0,15,13,0,0,11,13
716,32,18,2,2.486509,0,0,13,15,0,0,13,11
719,57,7,1,2.642393,1,1,12,12,0,0,39,39
719,57,7,2,2.800933,1,1,12,12,0,0,39,39
720,27,16,1,2.229459,0,0,16,16,0,0,5,5
720,27,16,2,1.609438,0,0,16,16,0,0,5,5
721,24,16.5,1,1.609438,0,0,16,16,0,0,2,2
721,24,16.5,2,1.609438,0,0,16,16,0,0,2,2
722,42,9,1,2.374906,0,0,12,12,0,0,24,24
722,42,9,2,2.689207,0,0,12,12,0,0,24,24
725,27,16,1,2.251292,0,0,16,16,1,1,5,5
725,27,16,2,2.040232,0,0,16,16,1,1,5,5
728,51,13,1,2.014903,1,1,15,17,1,1,30,28
728,51,13,2,3.292981,1,1,17,15,1,1,28,30
729,34,12,1,2.358681,1,1,13,13,1,1,15,15
729,34,12,2,2.459625,1,1,13,13,1,1,15,15
730,27,16,1,2.911807,1,0,16,16,1,1,5,5
730,27,16,2,2.394252,0,1,16,16,1,1,5,5
732,38,16,1,1.686399,1,1,16,16,1,1,16,16
732,38,16,2,2.525729,1,1,16,16,1,1,16,16
733,38,12,1,3.187625,0,1,18,16,1,1,14,16
733,38,12,2,3.229347,1,0,16,18,1,1,16,14
734,56,12,1,2.442347,0,1,14,14,0,0,36,36
734,56,12,2,3.042252,1,0,14,14,0,0,36,36
735,43,6.5,1,3.218876,1,1,12,12,0,0,25,25
735,43,6.5,2,3.218876,1,1,12,12,0,0,25,25
736,28,12,1,1.94591,0,0,12,12,1,1,10,10
736,28,12,2,1.94591,0,0,12,12,1,1,10,10
737,33,10,1,1.871802,0,1,14.5,13,0,0,12.5,14
737,33,10,2,2.173755,1,0,13,14.5,0,0,14,12.5
739,46,10,1,2.169054,1,0,14,12,1,1,26,28
739,46,10,2,2.529721,0,1,12,14,1,1,28,26
741,31,12,1,1.729884,0,0,12,12,1,1,13,13
741,31,12,2,2.052841,0,0,12,12,1,1,13,13
742,47,12,1,1.824549,1,1,12,10,1,1,29,31
742,47,12,2,1.986503,1,1,10,12,1,1,31,29
746,28,8.5,1,1.938727,0,0,16,16,0,0,6,6
746,28,8.5,2,2.490375,0,0,16,16,0,0,6,6
747,41,9,1,2.698013,1,1,14,13,0,0,21,22
747,41,9,2,4.058991,1,1,13,14,0,0,22,21
748,46,16,1,1.938727,1,1,11,10,1,1,29,30
748,46,16,2,1.874189,1,1,10,11,1,1,30,29
750,65,10.5,1,2.227997,0,0,12,12,0,0,47,47
750,65,10.5,2,2.308053,0,0,12,12,0,0,47,47
754,27,18,1,2.277182,0,0,14,16,0,0,7,5
754,27,18,2,1.468724,0,0,16,14,0,0,5,7
758,37,17,1,3.038935,0,0,14,16,1,1,17,15
758,37,17,2,2.686324,0,0,16,14,1,1,15,17
760,35,10.5,1,1.838236,0,0,14,13,0,0,15,16
760,35,10.5,2,1.932462,0,0,13,14,0,0,16,15
761,42,11.5,1,2.672696,0,0,12,13,0,0,24,23
761,42,11.5,2,3.653526,0,0,13,12,0,0,23,24
762,23,16,1,2.267231,0,0,17,17,0,0,0,0
762,23,16,2,1.98962,0,0,17,17,0,0,0,0
764,35,12,1,3.134248,1,1,16,16,1,1,13,13
764,35,12,2,3.326626,1,1,16,16,1,1,13,13
765,41,10.5,1,1.797228,1,0,16,12,1,1,19,23
765,41,10.5,2,2.357037,0,1,12,16,1,1,23,19
769,37,6.5,1,3.009169,1,1,16,16,1,1,15,15
769,37,6.5,2,2.873367,1,1,16,16,1,1,15,15
770,37,9,1,2.161871,0,0,12,16,0,0,19,15
770,37,9,2,1.910556,0,0,16,12,0,0,15,19
771,29,12,1,2.161871,0,1,14,13,1,1,9,10
771,29,12,2,2.1337,1,0,13,14,1,1,10,9
772,42,7,1,2.474863,0,0,16,14,1,1,20,22
772,42,7,2,2.336224,0,0,14,16,1,1,22,20
773,46,12,1,3.653019,1,1,16,16,0,0,24,24
773,46,12,2,3.70241,1,1,16,16,0,0,24,24
774,44,8,1,1.990159,1,0,13,14,0,0,25,24
774,44,8,2,1.990159,0,1,14,13,0,0,24,25
776,25,16,1,2.585685,0,0,16,16,0,0,3,3
776,25,16,2,2.672696,0,0,16,16,0,0,3,3
778,50,12,1,2.406993,1,0,12,12,1,1,32,32
778,50,12,2,2.449553,0,1,12,12,1,1,32,32
780,28,8,1,2.128882,0,1,13,13,0,0,9,9
780,28,8,2,2.634956,1,0,13,13,0,0,9,9
782,27,11,1,3.257627,1,1,16,16,0,0,5,5
782,27,11,2,3.093006,1,1,16,16,0,0,5,5
784,30,13,1,2.228012,0,0,17,16,1,1,7,8
784,30,13,2,2.682767,0,0,16,17,1,1,8,7
785,28,12,1,2.63347,0,1,13,13,1,1,9,9
785,28,12,2,2.752739,1,0,13,13,1,1,9,9
786,28,12,1,2.267073,0,1,15,12,1,1,7,10
786,28,12,2,2.564487,1,0,12,15,1,1,10,7
788,33,11.5,1,1.861766,0,0,12,18,1,1,15,9
788,33,11.5,2,3.24806,0,0,18,12,1,1,9,15
789,39,16,1,2.227997,0,0,14,16,1,1,19,17
789,39,16,2,3.144303,0,0,16,14,1,1,17,19
790,33,8,1,2.515679,1,1,14,14,1,1,13,13
790,33,8,2,2.638105,1,1,14,14,1,1,13,13
791,46,7.5,1,2.672696,0,0,16,16,0,0,24,24
791,46,7.5,2,3.08243,0,0,16,16,0,0,24,24
792,40,8,1,2.066561,1,1,12,12,1,1,22,22
792,40,8,2,1.851716,1,1,12,12,1,1,22,22
793,36,8,1,2.074859,1,1,12,12,1,1,18,18
793,36,8,2,1.073329,1,1,12,12,1,1,18,18
794,38,15,1,3.270533,0,0,16,17,0,0,16,15
794,38,15,2,3.57082,0,0,17,16,0,0,15,16
795,38,12,1,3.326612,0,1,12,12,0,0,20,20
795,38,12,2,2.311248,1,0,12,12,0,0,20,20
796,51,8,1,2.42081,0,1,12,12,0,0,33,33
796,51,8,2,2.909085,1,0,12,12,0,0,33,33
798,34,12,1,2.004862,0,1,13,16,0,0,15,12
798,34,12,2,3.183522,1,0,16,13,0,0,12,15
801,41,16,1,2.855018,0,1,13,12,0,0,22,23
801,41,16,2,2.855018,1,0,12,13,0,0,23,22
803,28,16,1,1.979549,0,0,18,17,0,0,4,5
803,28,16,2,3.406666,0,0,17,18,0,0,5,4
804,23,16,1,1.866754,0,0,13,12,0,0,4,5
804,23,16,2,1.764705,0,0,12,13,0,0,5,4
806,41,12,1,3.065739,0,0,18,18,0,0,17,17
806,41,12,2,3.1427,0,0,18,18,0,0,17,17
808,40,12,1,1.910556,1,1,12,12,1,1,22,22
808,40,12,2,1.861786,1,1,12,12,1,1,22,22
810,59,9,1,2.639057,1,1,12,13,0,0,41,40
810,59,9,2,2.529596,1,1,13,12,0,0,40,41
812,37,12,1,2.495163,1,0,12,14,0,0,19,17
812,37,12,2,2.277182,0,1,14,12,0,0,17,19
814,38,12,1,2.771032,0,1,12,14,1,1,20,18
814,38,12,2,2.368885,1,0,14,12,1,1,18,20
815,56,12.5,1,4.016431,1,1,16,16,0,0,34,34
815,56,12.5,2,3.941208,1,1,16,16,0,0,34,34
816,22,16,1,1.723917,0,0,15,15,1,1,1,1
816,22,16,2,1.723917,0,0,15,15,1,1,1,1
818,68,8,1,2.960378,1,1,18,16,0,0,44,46
818,68,8,2,2.110214,1,1,16,18,0,0,46,44
821,58,7,1,2.852236,1,0,12,12,0,0,40,40
821,58,7,2,2.672696,0,1,12,12,0,0,40,40
822,43,11.5,1,2.843845,1,1,16,17,0,0,21,20
822,43,11.5,2,2.869866,1,1,17,16,0,0,20,21
824,26,12.5,1,2.960378,1,1,16,16,1,1,4,4
824,26,12.5,2,2.8297,1,1,16,16,1,1,4,4
825,48,8,1,2.059592,1,1,12,13,1,1,30,29
825,48,8,2,2.651132,1,1,13,12,1,1,29,30
826,25,12,1,2.513365,1,1,16,16,1,1,3,3
826,25,12,2,2.18927,1,1,16,16,1,1,3,3
828,57,14.5,1,2.044088,1,1,17,16,0,0,34,35
828,57,14.5,2,3.183522,1,1,16,17,0,0,35,34
829,44,16,1,2.826847,1,1,17,17,1,1,21,21
829,44,16,2,2.114783,1,1,17,17,1,1,21,21
830,31,12,1,2.050318,0,0,12,14,0,0,13,11
830,31,12,2,2.734727,0,0,14,12,0,0,11,13
832,33,16,1,4.099813,0,1,14,12,0,0,13,15
832,33,16,2,2.79786,1,0,12,14,0,0,15,13
834,31,10.5,1,3.08243,1,1,17,16,1,1,8,9
834,31,10.5,2,2.878882,1,1,16,17,1,1,9,8
835,29,13,1,2.627395,1,0,16,15,1,1,7,8
835,29,13,2,2.449553,0,1,15,16,1,1,8,7
836,42,18,1,2.13689,1,1,14,14,1,1,22,22
836,42,18,2,1.98962,1,1,14,14,1,1,22,22
837,40,18,1,3.005841,0,0,18,14,0,0,16,20
837,40,18,2,2.451156,0,0,14,18,0,0,20,16
838,54,5.5,1,1.902608,1,1,16,18,1,1,32,30
838,54,5.5,2,3.183522,1,1,18,16,1,1,30,32
841,62,12,1,2.490375,1,1,11,12,0,0,45,44
841,62,12,2,4.569817,1,1,12,11,0,0,44,45
843,33,12,1,1.722504,0,1,13,12,1,1,14,15
843,33,12,2,1.688515,1,0,12,13,1,1,15,14
844,50,8,1,2.161871,0,0,14,14,1,1,30,30
844,50,8,2,2.090972,0,0,14,14,1,1,30,30
845,56,8,1,2.110578,1,1,13,12,0,0,37,38
845,56,8,2,2.672696,1,1,12,13,0,0,38,37
847,24,12,1,2.044088,0,0,16,16,0,0,2,2
847,24,12,2,2.012339,0,0,16,16,0,0,2,2
850,52,12,1,2.418054,1,1,12,12,1,1,34,34
850,52,12,2,2.63347,1,1,12,12,1,1,34,34
851,21,16,1,2.148494,0,0,15,14,1,1,0,1
851,21,16,2,2.114783,0,0,14,15,1,1,1,0
852,25,12,1,2.226009,0,0,13,13,1,1,6,6
852,25,12,2,1.846519,0,0,13,13,1,1,6,6
856,37,8,1,2.509413,1,1,14,14,0,0,17,17
856,37,8,2,2.607269,1,1,14,14,0,0,17,17
857,47,7,1,3.183522,0,0,15,15,1,1,26,26
857,47,7,2,3.173472,0,0,15,15,1,1,26,26
859,35,18,1,2.490375,0,0,12,10,0,0,17,19
859,35,18,2,2.324556,0,0,10,12,0,0,19,17
860,28,10.5,1,2.113081,1,1,13,12,0,0,9,10
860,28,10.5,2,2.031509,1,1,12,13,0,0,10,9
861,30,12,1,2.758645,0,0,16,14,1,1,8,10
861,30,12,2,3.005841,0,0,14,16,1,1,10,8
862,39,12,1,2.400763,1,1,12,12,1,1,21,21
862,39,12,2,1.797228,1,1,12,12,1,1,21,21
863,45,14,1,2.921152,0,1,18,18,0,0,21,21
863,45,14,2,2.672696,1,0,18,18,0,0,21,21
864,33,12,1,2.537259,0,0,16,14,0,0,11,13
864,33,12,2,2.672696,0,0,14,16,0,0,13,11
865,24,16,1,3.365844,0,1,16,16,1,1,2,2
865,24,16,2,1.979549,1,0,16,16,1,1,2,2
867,22,17,1,1.22748,1,0,12,13,1,1,4,3
867,22,17,2,1.910556,0,1,13,12,1,1,3,4
873,24,12,1,2.672696,0,0,15,15,1,1,3,3
873,24,12,2,2.92863,0,0,15,15,1,1,3,3
874,29,12,1,1.920627,1,1,12,12,1,1,11,11
874,29,12,2,2.18385,1,1,12,12,1,1,11,11
878,54,8,1,2.883497,0,0,12,14,1,1,36,34
878,54,8,2,2.469356,0,0,14,12,1,1,34,36
880,56,12.5,1,3.471204,1,1,12,12,0,0,38,38
880,56,12.5,2,2.603703,1,1,12,12,0,0,38,38
881,43,12,1,1.993612,0,1,12,14,1,1,25,23
881,43,12,2,2.500446,1,0,14,12,1,1,23,25
882,34,13.5,1,3.270533,0,0,12,12,0,0,16,16
882,34,13.5,2,3.365844,0,0,12,12,0,0,16,16
883,33,16,1,2.803725,0,0,15,14,0,0,12,13
883,33,16,2,2.737235,0,0,14,15,0,0,13,12
886,56,6.5,1,2.341339,1,1,12,14,0,0,38,36
886,56,6.5,2,2.921158,1,1,14,12,0,0,36,38
889,71,6,1,2.1337,0,0,12,12,1,1,53,53
889,71,6,2,2.1337,0,0,12,12,1,1,53,53
892,39,7,1,1.25112,1,1,13,13,1,1,20,20
892,39,7,2,2.267231,1,1,13,13,1,1,20,20
893,26,14,1,2.388564,0,0,16,15,1,1,4,5
893,26,14,2,2.073647,0,0,15,16,1,1,5,4
894,28,16,1,1.975541,1,1,16,16,1,1,6,6
894,28,16,2,1.975541,1,1,16,16,1,1,6,6
895,29,9,1,2.541668,0,0,12,12,1,1,11,11
895,29,9,2,2.848035,0,0,12,12,1,1,11,11
896,36,18,1,3.222743,1,1,18,18,0,0,12,12
896,36,18,2,3.24806,1,1,18,18,0,0,12,12
897,62,9,1,2.385014,1,1,12,12,0,0,44,44
897,62,9,2,2.044088,1,1,12,12,0,0,44,44
898,26,12,1,2.778057,0,0,17,16,0,0,3,4
898,26,12,2,2.311683,0,0,16,17,0,0,4,3
900,49,15,1,2.90591,0,0,18,17,1,1,25,26
900,49,15,2,3.132229,0,0,17,18,1,1,26,25
901,36,5.5,1,2.737235,0,0,16,18,0,0,14,12
901,36,5.5,2,3.055689,0,0,18,16,0,0,12,14
902,19,12,1,1.836448,0,0,13,13,0,0,0,0
902,19,12,2,1.736203,0,0,13,13,0,0,0,0
903,34,12,1,2.672696,0,1,12,16,0,0,16,12
903,34,12,2,2.960378,1,0,16,12,0,0,12,16
904,33,12.5,1,2.698011,0,1,12,12,1,1,15,15
904,33,12.5,2,2.25617,1,0,12,12,1,1,15,15
905,23,18,1,1.836448,0,0,17,17,0,0,0,0
905,23,18,2,2.490375,0,0,17,17,0,0,0,0
906,21,18,1,1.522791,0,0,14,13,1,1,1,2
906,21,18,2,0.8809369,0,0,13,14,1,1,2,1
907,41,11,1,2.490375,0,1,12,12,0,0,23,23
907,41,11,2,2.339552,1,0,12,12,0,0,23,23
908,41,11.5,1,2.567336,0,1,14,16,1,1,21,19
908,41,11.5,2,2.960378,1,0,16,14,1,1,19,21
910,40,12,1,1.723917,1,0,16,17,1,1,18,17
910,40,12,2,2.698013,0,1,17,16,1,1,17,18
911,19,15,1,1.910556,0,0,14,14,1,1,-1,-1
911,19,15,2,2.230567,0,0,14,14,1,1,-1,-1
915,22,18,1,2.161871,0,0,16,15,0,0,0,1
915,22,18,2,1.836448,0,0,15,16,0,0,1,0
917,18,12,1,1.501513,0,0,12,12,1,1,0,0
917,18,12,2,1.411565,0,0,12,12,1,1,0,0
918,27,12,1,2.495163,0,1,14,12,0,0,7,9
918,27,12,2,2.503094,1,0,12,14,0,0,9,7
920,49,12,1,2.449553,0,0,13,12,1,1,30,31
920,49,12,2,2.567336,0,0,12,13,1,1,31,30
921,30,10,1,1.979549,0,0,14,14,1,1,10,10
921,30,10,2,2.372592,0,0,14,14,1,1,10,10
924,38,12,1,3.365844,1,1,13,14,0,0,19,18
924,38,12,2,4.569817,1,1,14,13,0,0,18,19
925,36,12,1,2.529596,1,1,12,12,1,1,18,18
925,36,12,2,2.175116,1,1,12,12,1,1,18,18
926,49,10.5,1,2.960378,0,1,14,14,0,0,29,29
926,49,10.5,2,3.213296,1,0,14,14,0,0,29,29
927,30,18,1,2.698014,0,0,18,18,1,1,6,6
927,30,18,2,2.788127,0,0,18,18,1,1,6,6
929,21,12,1,2.470172,0,0,12,12,0,0,3,3
929,21,12,2,3.009169,0,0,12,12,0,0,3,3
930,26,16,1,2.672696,0,0,13,15,0,0,7,5
930,26,16,2,3.308685,0,0,15,13,0,0,5,7
931,43,12,1,2.887808,1,1,15,14,1,1,22,23
931,43,12,2,2.788403,1,1,14,15,1,1,23,22
935,46,12,1,2.769218,1,1,15,13,1,1,25,27
935,46,12,2,1.836448,1,1,13,15,1,1,27,25
937,35,12,1,2.267231,1,1,13,13,1,1,16,16
937,35,12,2,2.449553,1,1,13,13,1,1,16,16
938,61,11,1,3.249664,1,1,16,16,0,0,39,39
938,61,11,2,3.532064,1,1,16,16,0,0,39,39
940,49,10,1,3.144305,0,0,15,15,0,0,28,28
940,49,10,2,2.87814,0,0,15,15,0,0,28,28
941,36,12,1,3.183522,0,0,15,12,0,0,15,18
941,36,12,2,3.222743,0,0,12,15,0,0,18,15
943,21,18,1,2.044088,0,0,15,15,0,0,0,0
943,21,18,2,1.836448,0,0,15,15,0,0,0,0
946,42,16,1,2.534966,1,1,13,12,1,1,23,24
946,42,16,2,2.000658,1,1,12,13,1,1,24,23
948,44,13,1,2.319824,0,1,13,16,1,1,25,12
948,44,13,2,3.183522,1,0,16,13,1,1,12,25
950,30,18,1,2.928337,1,0,18,17,0,0,6,7
950,30,18,2,3.519994,0,1,17,18,0,0,7,6
951,40,12,1,2.253986,0,0,12,14,1,1,22,20
951,40,12,2,2.202693,0,0,14,12,1,1,20,22
952,51,11,1,2.44454,1,1,12,12,1,1,33,33
952,51,11,2,1.490703,1,1,12,12,1,1,33,33
954,47,12,1,1.707616,1,0,12,14,1,1,29,27
954,47,12,2,2.729077,0,1,14,12,1,1,27,29
955,44,15.5,1,4.569817,0,1,12,12,0,0,26,26
955,44,15.5,2,3.588987,1,0,12,12,0,0,26,26
956,31,18,1,3.183522,1,0,18,18,1,1,7,7
956,31,18,2,2.490375,0,1,18,18,1,1,7,7
